scenario,rate_per_yr,ext_strain,station,x_km,y_km,uz_m,shmax_az_deg,stress_diff_MPa
pre_2015,0.000e+00,0.0000e+00,AXAS1,7.8590,3.6259,1.9915,18.91,16.3074
pre_2015,0.000e+00,0.0000e+00,AXAS2,6.7111,3.6637,1.8749,48.89,28.1950
pre_2015,0.000e+00,0.0000e+00,AXCC1,7.1436,5.9818,2.4000,109.80,17.9512
pre_2015,0.000e+00,0.0000e+00,AXEC1,9.3995,5.3869,1.3802,98.13,4.7119
pre_2015,0.000e+00,0.0000e+00,AXEC2,9.8433,4.2803,1.3122,96.25,9.0240
pre_2015,0.000e+00,0.0000e+00,AXEC3,9.4741,3.8848,1.5014,119.69,11.6003
pre_2015,1.000e-06,4.0500e-06,AXAS1,7.8590,3.6259,1.9915,18.93,16.5503
pre_2015,1.000e-06,4.0500e-06,AXAS2,6.7111,3.6637,1.8749,48.68,28.3253
pre_2015,1.000e-06,4.0500e-06,AXCC1,7.1436,5.9818,2.4000,109.80,17.7082
pre_2015,1.000e-06,4.0500e-06,AXEC1,9.3995,5.3869,1.3802,97.51,4.4906
pre_2015,1.000e-06,4.0500e-06,AXEC2,9.8433,4.2803,1.3122,95.89,8.8092
pre_2015,1.000e-06,4.0500e-06,AXEC3,9.4741,3.8848,1.5014,119.90,11.3714
pre_2015,3.000e-06,1.2150e-05,AXAS1,7.8590,3.6259,1.9915,18.96,17.0359
pre_2015,3.000e-06,1.2150e-05,AXAS2,6.7111,3.6637,1.8749,48.27,28.5904
pre_2015,3.000e-06,1.2150e-05,AXCC1,7.1436,5.9818,2.4000,109.79,17.2222
pre_2015,3.000e-06,1.2150e-05,AXEC1,9.3995,5.3869,1.3802,96.05,4.0553
pre_2015,3.000e-06,1.2150e-05,AXEC2,9.8433,4.2803,1.3122,95.10,8.3841
pre_2015,3.000e-06,1.2150e-05,AXEC3,9.4741,3.8848,1.5014,120.33,10.9153
pre_2015,1.000e-05,4.0500e-05,AXAS1,7.8590,3.6259,1.9915,19.05,18.7359
pre_2015,1.000e-05,4.0500e-05,AXAS2,6.7111,3.6637,1.8749,46.89,29.5623
pre_2015,1.000e-05,4.0500e-05,AXCC1,7.1436,5.9818,2.4000,109.77,15.5213
pre_2015,1.000e-05,4.0500e-05,AXEC1,9.3995,5.3869,1.3802,87.40,2.6730
pre_2015,1.000e-05,4.0500e-05,AXEC2,9.8433,4.2803,1.3122,91.62,6.9594
pre_2015,1.000e-05,4.0500e-05,AXEC3,9.4741,3.8848,1.5014,122.17,9.3430
pre_2015,3.000e-05,1.2150e-04,AXAS1,7.8590,3.6259,1.9915,19.25,23.5938
pre_2015,3.000e-05,1.2150e-04,AXAS2,6.7111,3.6637,1.8749,43.45,32.6697
pre_2015,3.000e-05,1.2150e-04,AXCC1,7.1436,5.9818,2.4000,109.66,10.6615
pre_2015,3.000e-05,1.2150e-04,AXEC1,9.3995,5.3869,1.3802,36.25,3.5299
pre_2015,3.000e-05,1.2150e-04,AXEC2,9.8433,4.2803,1.3122,69.87,4.2265
pre_2015,3.000e-05,1.2150e-04,AXEC3,9.4741,3.8848,1.5014,133.26,5.3073
pre_2015,1.000e-04,4.0500e-04,AXAS1,7.8590,3.6259,1.9915,19.56,40.6004
pre_2015,1.000e-04,4.0500e-04,AXAS2,6.7111,3.6637,1.8749,35.62,46.0015
pre_2015,1.000e-04,4.0500e-04,AXCC1,7.1436,5.9818,2.4000,20.57,6.3505
pre_2015,1.000e-04,4.0500e-04,AXEC1,9.3995,5.3869,1.3802,22.71,20.0766
pre_2015,1.000e-04,4.0500e-04,AXEC2,9.8433,4.2803,1.3122,27.17,16.8189
pre_2015,1.000e-04,4.0500e-04,AXEC3,9.4741,3.8848,1.5014,11.96,13.9013
pre_2026,0.000e+00,0.0000e+00,AXAS1,7.8590,3.6259,2.2080,15.15,17.4506
pre_2026,0.000e+00,0.0000e+00,AXAS2,6.7111,3.6637,2.0830,43.37,32.3888
pre_2026,0.000e+00,0.0000e+00,AXCC1,7.1436,5.9818,2.8834,94.87,30.5607
pre_2026,0.000e+00,0.0000e+00,AXEC1,9.3995,5.3869,1.6997,120.72,26.7620
pre_2026,0.000e+00,0.0000e+00,AXEC2,9.8433,4.2803,1.4964,128.63,11.3135
pre_2026,0.000e+00,0.0000e+00,AXEC3,9.4741,3.8848,1.6887,138.42,13.1358
pre_2026,1.000e-06,1.1050e-05,AXAS1,7.8590,3.6259,2.2080,15.33,18.1044
pre_2026,1.000e-06,1.1050e-05,AXAS2,6.7111,3.6637,2.0830,42.95,32.8467
pre_2026,1.000e-06,1.1050e-05,AXCC1,7.1436,5.9818,2.8834,94.55,29.9899
pre_2026,1.000e-06,1.1050e-05,AXEC1,9.3995,5.3869,1.6997,120.99,26.1460
pre_2026,1.000e-06,1.1050e-05,AXEC2,9.8433,4.2803,1.4964,129.69,10.7932
pre_2026,1.000e-06,1.1050e-05,AXEC3,9.4741,3.8848,1.6887,139.66,12.7851
pre_2026,3.000e-06,3.3150e-05,AXAS1,7.8590,3.6259,2.2080,15.65,19.4141
pre_2026,3.000e-06,3.3150e-05,AXAS2,6.7111,3.6637,2.0830,42.14,33.7828
pre_2026,3.000e-06,3.3150e-05,AXCC1,7.1436,5.9818,2.8834,93.87,28.8601
pre_2026,3.000e-06,3.3150e-05,AXEC1,9.3995,5.3869,1.6997,121.56,24.9213
pre_2026,3.000e-06,3.3150e-05,AXEC2,9.8433,4.2803,1.4964,132.15,9.8045
pre_2026,3.000e-06,3.3150e-05,AXEC3,9.4741,3.8848,1.6887,142.35,12.1620
pre_2026,1.000e-05,1.1050e-04,AXAS1,7.8590,3.6259,2.2080,16.48,24.0118
pre_2026,1.000e-05,1.1050e-04,AXAS2,6.7111,3.6637,2.0830,39.65,37.2463
pre_2026,1.000e-05,1.1050e-04,AXCC1,7.1436,5.9818,2.8834,91.04,25.0578
pre_2026,1.000e-05,1.1050e-04,AXEC1,9.3995,5.3869,1.6997,124.08,20.7332
pre_2026,1.000e-05,1.1050e-04,AXEC2,9.8433,4.2803,1.4964,145.43,7.2484
pre_2026,1.000e-05,1.1050e-04,AXEC3,9.4741,3.8848,1.6887,153.55,11.0095
pre_2026,3.000e-05,3.3150e-04,AXAS1,7.8590,3.6259,2.2080,17.73,37.2076
pre_2026,3.000e-05,3.3150e-04,AXAS2,6.7111,3.6637,2.0830,34.64,48.2444
pre_2026,3.000e-05,3.3150e-04,AXCC1,7.1436,5.9818,2.8834,76.45,16.7185
pre_2026,3.000e-05,3.3150e-04,AXEC1,9.3995,5.3869,1.6997,141.42,10.9968
pre_2026,3.000e-05,3.3150e-04,AXEC2,9.8433,4.2803,1.4964,3.91,12.8595
pre_2026,3.000e-05,3.3150e-04,AXEC3,9.4741,3.8848,1.6887,179.56,16.8009
pre_2026,1.000e-04,1.1050e-03,AXAS1,7.8590,3.6259,2.2080,18.99,83.5530
pre_2026,1.000e-04,1.1050e-03,AXAS2,6.7111,3.6637,2.0830,27.46,91.5841
pre_2026,1.000e-04,1.1050e-03,AXCC1,7.1436,5.9818,2.8834,30.55,42.7721
pre_2026,1.000e-04,1.1050e-03,AXEC1,9.3995,5.3869,1.6997,13.35,42.5317
pre_2026,1.000e-04,1.1050e-03,AXEC2,9.8433,4.2803,1.4964,16.59,57.7023
pre_2026,1.000e-04,1.1050e-03,AXEC3,9.4741,3.8848,1.6887,14.73,60.1271
