component,station,x_km,y_km,shmax_az_deg,stress_diff_MPa_per_unit,exx_per_unit,eyy_per_unit,exy_per_unit
infl,AXAS1,7.8590,3.6259,18.91,6.870688e+01,2.64865431e-03,1.74406042e-03,-3.51068928e-04
infl,AXAS2,6.7111,3.6637,48.89,1.187919e+02,1.31302699e-03,1.58087276e-03,-9.80831437e-04
infl,AXCC1,7.1436,5.9818,109.80,7.563256e+01,2.13322347e-03,3.10450822e-03,4.01737972e-04
infl,AXEC1,9.3995,5.3869,98.13,1.985241e+01,1.70485152e-03,2.02249139e-03,4.63201539e-05
infl,AXEC2,9.8433,4.2803,96.25,3.802025e+01,1.57082164e-03,2.18944964e-03,6.86260462e-05
infl,AXEC3,9.4741,3.8848,119.69,4.887482e+01,1.88811837e-03,2.30294716e-03,3.50520372e-04
dike,AXAS1,7.8590,3.6259,149.36,2.311074e+00,3.89323640e-05,2.04263808e-05,1.68905135e-05
dike,AXAS2,6.7111,3.6637,9.57,6.320356e+00,5.47530789e-05,-4.47601042e-05,-1.72734449e-05
dike,AXCC1,7.1436,5.9818,77.24,1.677192e+01,-1.54085833e-04,9.81744081e-05,-6.02140246e-05
dike,AXEC1,9.3995,5.3869,125.17,2.344555e+01,-8.91213863e-05,4.24061309e-05,1.83979112e-04
dike,AXEC2,9.8433,4.2803,154.16,1.136561e+01,5.15038317e-05,-6.59488390e-05,7.43091115e-05
dike,AXEC3,9.4741,3.8848,172.19,8.267714e+00,7.39890925e-05,-5.87124142e-05,1.85595990e-05
ext,AXAS1,7.8590,3.6259,20.00,6.000000e+04,8.83022222e-01,1.16977778e-01,-3.21393805e-01
ext,AXAS2,6.7111,3.6637,20.00,6.000000e+04,8.83022222e-01,1.16977778e-01,-3.21393805e-01
ext,AXCC1,7.1436,5.9818,20.00,6.000000e+04,8.83022222e-01,1.16977778e-01,-3.21393805e-01
ext,AXEC1,9.3995,5.3869,20.00,6.000000e+04,8.83022222e-01,1.16977778e-01,-3.21393805e-01
ext,AXEC2,9.8433,4.2803,20.00,6.000000e+04,8.83022222e-01,1.16977778e-01,-3.21393805e-01
ext,AXEC3,9.4741,3.8848,20.00,6.000000e+04,8.83022222e-01,1.16977778e-01,-3.21393805e-01
