model,rate_per_yr,station,phi_pre_obs,phi_pre_se,phi_p5_obs,phi_p5_se,dphi_obs,dphi_obs_se,az_2015,az_2026,dphi_model,misfit_2015,misfit_2026,misfit_dphi
two_sphere,0,AXAS1,165.913,0.772221,168.663,0.528827,2.75003,0.93594,168.982,166.901,-2.08127,3.06928,-1.76203,-4.8313
two_sphere,0,AXAS2,148.428,0.997393,164.942,0.87802,16.5134,1.3288,30.7203,25.6473,-5.073,62.2919,40.7056,-21.5864
two_sphere,0,AXCC1,145.391,2.74788,172.829,0.93269,27.4375,2.90185,20.4324,33.8861,13.4537,55.041,41.0572,-13.9838
two_sphere,0,AXEC1,161.177,0.289014,168.576,0.290929,7.39835,0.410084,94.4305,110.802,16.372,-66.7467,-57.7731,8.97363
two_sphere,0,AXEC2,95.6561,0.252274,98.254,0.331666,2.59793,0.416707,106.957,119.907,12.9491,11.3013,21.6525,10.3512
two_sphere,0,AXEC3,121.281,0.464959,131.268,0.263323,9.9865,0.534346,118.955,129.237,10.282,-2.32564,-2.03013,0.295512
two_sphere,1e-06,AXAS1,165.913,0.772221,168.663,0.528827,2.75003,0.93594,169.343,167.752,-1.59165,3.43079,-0.910892,-4.34168
two_sphere,1e-06,AXAS2,148.428,0.997393,164.942,0.87802,16.5134,1.3288,30.5777,25.4972,-5.08046,62.1494,40.5556,-21.5938
two_sphere,1e-06,AXCC1,145.391,2.74788,172.829,0.93269,27.4375,2.90185,20.4293,33.6299,13.2006,55.0379,40.801,-14.2369
two_sphere,1e-06,AXEC1,161.177,0.289014,168.576,0.290929,7.39835,0.410084,94.2412,110.817,16.5754,-66.9359,-57.7589,9.17709
two_sphere,1e-06,AXEC2,95.6561,0.252274,98.254,0.331666,2.59793,0.416707,106.924,120.161,13.2368,11.2679,21.9068,10.6388
two_sphere,1e-06,AXEC3,121.281,0.464959,131.268,0.263323,9.9865,0.534346,119.055,129.773,10.7179,-2.22579,-1.49435,0.731432
two_sphere,3e-06,AXAS1,165.913,0.772221,168.663,0.528827,2.75003,0.93594,170.052,169.383,-0.668351,4.13902,0.720643,-3.41838
two_sphere,3e-06,AXAS2,148.428,0.997393,164.942,0.87802,16.5134,1.3288,30.3032,25.2196,-5.08354,61.8749,40.278,-21.5969
two_sphere,3e-06,AXCC1,145.391,2.74788,172.829,0.93269,27.4375,2.90185,20.4234,33.1429,12.7195,55.032,40.314,-14.7179
two_sphere,3e-06,AXEC1,161.177,0.289014,168.576,0.290929,7.39835,0.410084,93.8501,110.847,16.9965,-67.3271,-57.7289,9.59819
two_sphere,3e-06,AXEC2,95.6561,0.252274,98.254,0.331666,2.59793,0.416707,106.855,120.709,13.8536,11.1989,22.4546,11.2557
two_sphere,3e-06,AXEC3,121.281,0.464959,131.268,0.263323,9.9865,0.534346,119.262,130.922,11.6608,-2.01948,-0.345159,1.67433
two_sphere,1e-05,AXAS1,165.913,0.772221,168.663,0.528827,2.75003,0.93594,172.376,174.344,1.96829,6.463,5.68126,-0.781741
two_sphere,1e-05,AXAS2,148.428,0.997393,164.942,0.87802,16.5134,1.3288,29.4415,24.4342,-5.00729,61.0131,39.4925,-21.5206
two_sphere,1e-05,AXCC1,145.391,2.74788,172.829,0.93269,27.4375,2.90185,20.4037,31.6682,11.2645,55.0123,38.8393,-16.173
two_sphere,1e-05,AXEC1,161.177,0.289014,168.576,0.290929,7.39835,0.410084,92.3352,110.972,18.6363,-68.8419,-57.604,11.238
two_sphere,1e-05,AXEC2,95.6561,0.252274,98.254,0.331666,2.59793,0.416707,106.587,123.159,16.572,10.9311,24.9052,13.9741
two_sphere,1e-05,AXEC3,121.281,0.464959,131.268,0.263323,9.9865,0.534346,120.061,135.912,15.8516,-1.22031,4.64481,5.86511
two_sphere,3e-05,AXAS1,165.913,0.772221,168.663,0.528827,2.75003,0.93594,177.776,3.33171,5.55561,11.8636,14.6692,2.80558
two_sphere,3e-05,AXAS2,148.428,0.997393,164.942,0.87802,16.5134,1.3288,27.6051,23.0974,-4.50776,59.1768,38.1557,-21.0211
two_sphere,3e-05,AXCC1,145.391,2.74788,172.829,0.93269,27.4375,2.90185,20.3563,28.7907,8.43433,54.9649,35.9618,-19.0031
two_sphere,3e-05,AXEC1,161.177,0.289014,168.576,0.290929,7.39835,0.410084,86.3394,111.679,25.3396,-74.8378,-56.8965,17.9413
two_sphere,3e-05,AXEC2,95.6561,0.252274,98.254,0.331666,2.59793,0.416707,105.493,141.401,35.9088,9.83651,43.1474,33.3109
two_sphere,3e-05,AXEC3,121.281,0.464959,131.268,0.263323,9.9865,0.534346,123.281,159.488,36.2064,2.00006,28.22,26.2199
two_sphere,0.0001,AXAS1,165.913,0.772221,168.663,0.528827,2.75003,0.93594,7.57607,13.0458,5.46975,21.6636,24.3833,2.71972
two_sphere,0.0001,AXAS2,148.428,0.997393,164.942,0.87802,16.5134,1.3288,24.4967,21.5042,-2.99247,56.0684,36.5626,-19.5058
two_sphere,0.0001,AXCC1,145.391,2.74788,172.829,0.93269,27.4375,2.90185,20.2526,24.6631,4.41051,54.8612,31.8343,-23.027
two_sphere,0.0001,AXEC1,161.177,0.289014,168.576,0.290929,7.39835,0.410084,45.8735,18.9182,-26.9553,64.6963,30.3426,-34.3536
two_sphere,0.0001,AXEC2,95.6561,0.252274,98.254,0.331666,2.59793,0.416707,44.3847,14.0721,-30.3126,-51.2713,-84.1819,-32.9105
two_sphere,0.0001,AXEC3,121.281,0.464959,131.268,0.263323,9.9865,0.534346,169.449,11.9454,22.4965,48.1679,60.6779,12.51
yang,0,AXAS1,165.913,0.772221,168.663,0.528827,2.75003,0.93594,18.9092,15.1522,-3.75697,32.9966,26.4896,-6.507
yang,0,AXAS2,148.428,0.997393,164.942,0.87802,16.5134,1.3288,48.8875,43.3729,-5.51464,80.4592,58.4312,-22.028
yang,0,AXCC1,145.391,2.74788,172.829,0.93269,27.4375,2.90185,109.799,94.8699,-14.9294,-35.5921,-77.959,-42.3669
yang,0,AXEC1,161.177,0.289014,168.576,0.290929,7.39835,0.410084,98.1297,120.723,22.593,-63.0475,-47.8528,15.1947
yang,0,AXEC2,95.6561,0.252274,98.254,0.331666,2.59793,0.416707,96.2547,128.625,32.3705,0.598603,30.3712,29.7726
yang,0,AXEC3,121.281,0.464959,131.268,0.263323,9.9865,0.534346,119.693,138.415,18.7224,-1.58816,7.1477,8.73586
yang,1e-06,AXAS1,165.913,0.772221,168.663,0.528827,2.75003,0.93594,18.9252,15.3289,-3.5963,33.0127,26.6663,-6.34633
yang,1e-06,AXAS2,148.428,0.997393,164.942,0.87802,16.5134,1.3288,48.6796,42.9517,-5.72789,80.2513,58.0101,-22.2413
yang,1e-06,AXCC1,145.391,2.74788,172.829,0.93269,27.4375,2.90185,109.797,94.5507,-15.2458,-35.5949,-78.2782,-42.6833
yang,1e-06,AXEC1,161.177,0.289014,168.576,0.290929,7.39835,0.410084,97.5055,120.988,23.4828,-63.6717,-47.5872,16.0845
yang,1e-06,AXEC2,95.6561,0.252274,98.254,0.331666,2.59793,0.416707,95.8899,129.691,33.8008,0.233811,31.4366,31.2028
yang,1e-06,AXEC3,121.281,0.464959,131.268,0.263323,9.9865,0.534346,119.896,139.659,19.7631,-1.38495,8.39163,9.77658
yang,3e-06,AXAS1,165.913,0.772221,168.663,0.528827,2.75003,0.93594,18.9558,15.6465,-3.30931,33.0433,26.984,-6.05934
yang,3e-06,AXAS2,148.428,0.997393,164.942,0.87802,16.5134,1.3288,48.2696,42.1441,-6.12546,79.8412,57.2024,-22.6388
yang,3e-06,AXCC1,145.391,2.74788,172.829,0.93269,27.4375,2.90185,109.791,93.8747,-15.9161,-35.6006,-78.9542,-43.3535
yang,3e-06,AXEC1,161.177,0.289014,168.576,0.290929,7.39835,0.410084,96.0546,121.559,25.5043,-65.1226,-47.0167,18.1059
yang,3e-06,AXEC2,95.6561,0.252274,98.254,0.331666,2.59793,0.416707,95.1045,132.152,37.0474,-0.551537,33.8979,34.4495
yang,3e-06,AXEC3,121.281,0.464959,131.268,0.263323,9.9865,0.534346,120.328,142.349,22.0213,-0.953028,11.0818,12.0348
yang,1e-05,AXAS1,165.913,0.772221,168.663,0.528827,2.75003,0.93594,19.0506,16.4848,-2.56577,33.1381,27.8223,-5.3158
yang,1e-05,AXAS2,148.428,0.997393,164.942,0.87802,16.5134,1.3288,46.8938,39.6484,-7.24545,78.4655,54.7067,-23.7588
yang,1e-05,AXCC1,145.391,2.74788,172.829,0.93269,27.4375,2.90185,109.768,91.0387,-18.7292,-35.6235,-81.7902,-46.1666
yang,1e-05,AXEC1,161.177,0.289014,168.576,0.290929,7.39835,0.410084,87.3953,124.08,36.6845,-73.7819,-44.4957,29.2861
yang,1e-05,AXEC2,95.6561,0.252274,98.254,0.331666,2.59793,0.416707,91.617,145.434,53.8174,-4.03902,47.1804,51.2194
yang,1e-05,AXEC3,121.281,0.464959,131.268,0.263323,9.9865,0.534346,122.169,153.551,31.3813,0.888112,22.283,21.3948
yang,3e-05,AXAS1,165.913,0.772221,168.663,0.528827,2.75003,0.93594,19.2461,17.7348,-1.51131,33.3336,29.0723,-4.26134
yang,3e-05,AXAS2,148.428,0.997393,164.942,0.87802,16.5134,1.3288,43.447,34.636,-8.81102,75.0187,49.6943,-25.3244
yang,3e-05,AXCC1,145.391,2.74788,172.829,0.93269,27.4375,2.90185,109.662,76.452,-33.2101,-35.7294,83.6231,-60.6475
yang,3e-05,AXEC1,161.177,0.289014,168.576,0.290929,7.39835,0.410084,36.2539,141.422,-74.8319,55.0767,-27.1536,-82.2303
yang,3e-05,AXEC2,95.6561,0.252274,98.254,0.331666,2.59793,0.416707,69.8704,3.91179,-65.9586,-25.7856,85.6578,-68.5566
yang,3e-05,AXEC3,121.281,0.464959,131.268,0.263323,9.9865,0.534346,133.255,179.561,46.3058,11.9741,48.2934,36.3193
yang,0.0001,AXAS1,165.913,0.772221,168.663,0.528827,2.75003,0.93594,19.5619,18.9921,-0.569821,33.6494,30.3296,-3.31985
yang,0.0001,AXAS2,148.428,0.997393,164.942,0.87802,16.5134,1.3288,35.6159,27.463,-8.15291,67.1876,42.5213,-24.6663
yang,0.0001,AXCC1,145.391,2.74788,172.829,0.93269,27.4375,2.90185,20.5674,30.5519,9.98448,55.176,37.723,-17.453
yang,0.0001,AXEC1,161.177,0.289014,168.576,0.290929,7.39835,0.410084,22.7109,13.3499,-9.36107,41.5337,24.7743,-16.7594
yang,0.0001,AXEC2,95.6561,0.252274,98.254,0.331666,2.59793,0.416707,27.1698,16.5921,-10.5778,-68.4862,-81.6619,-13.1757
yang,0.0001,AXEC3,121.281,0.464959,131.268,0.263323,9.9865,0.534346,11.9598,14.7315,2.77178,70.6787,63.464,-7.21472
yang_reversed,0,AXAS1,165.913,0.772221,168.663,0.528827,2.75003,0.93594,48.2879,47.4208,-0.867085,62.3754,58.7583,-3.61711
yang_reversed,0,AXAS2,148.428,0.997393,164.942,0.87802,16.5134,1.3288,62.3774,57.5251,-4.85224,-86.051,72.5834,-21.3656
yang_reversed,0,AXCC1,145.391,2.74788,172.829,0.93269,27.4375,2.90185,74.6218,76.8938,2.27194,-70.7696,84.0649,-25.1655
yang_reversed,0,AXEC1,161.177,0.289014,168.576,0.290929,7.39835,0.410084,9.57199,147.729,-41.8427,28.3948,-20.8463,-49.2411
yang_reversed,0,AXEC2,95.6561,0.252274,98.254,0.331666,2.59793,0.416707,144.546,147.804,3.25762,48.8903,49.55,0.659693
yang_reversed,0,AXEC3,121.281,0.464959,131.268,0.263323,9.9865,0.534346,166.927,168.188,1.26189,45.6455,36.9208,-8.72461
yang_reversed,1e-06,AXAS1,165.913,0.772221,168.663,0.528827,2.75003,0.93594,48.0852,46.8884,-1.19682,62.1727,58.2258,-3.94685
yang_reversed,1e-06,AXAS2,148.428,0.997393,164.942,0.87802,16.5134,1.3288,62.1761,57.0194,-5.15673,-86.2522,72.0777,-21.6701
yang_reversed,1e-06,AXCC1,145.391,2.74788,172.829,0.93269,27.4375,2.90185,71.7526,75.982,4.22937,-73.6388,83.1531,-23.2081
yang_reversed,1e-06,AXEC1,161.177,0.289014,168.576,0.290929,7.39835,0.410084,9.73027,148.738,-40.992,28.5531,-19.8373,-48.3904
yang_reversed,1e-06,AXEC2,95.6561,0.252274,98.254,0.331666,2.59793,0.416707,144.867,148.364,3.4971,49.2113,50.1105,0.899177
yang_reversed,1e-06,AXEC3,121.281,0.464959,131.268,0.263323,9.9865,0.534346,167.19,168.681,1.491,45.9085,37.413,-8.4955
yang_reversed,3e-06,AXAS1,165.913,0.772221,168.663,0.528827,2.75003,0.93594,47.6855,45.8656,-1.8199,61.773,57.2031,-4.56993
yang_reversed,3e-06,AXAS2,148.428,0.997393,164.942,0.87802,16.5134,1.3288,61.7745,56.0234,-5.75117,-86.6538,71.0817,-22.2645
yang_reversed,3e-06,AXCC1,145.391,2.74788,172.829,0.93269,27.4375,2.90185,65.64,74.0875,8.44753,-79.7514,81.2586,-18.9899
yang_reversed,3e-06,AXEC1,161.177,0.289014,168.576,0.290929,7.39835,0.410084,10.0334,150.802,-39.2314,28.8562,-17.7735,-46.6297
yang_reversed,3e-06,AXEC2,95.6561,0.252274,98.254,0.331666,2.59793,0.416707,145.517,149.501,3.98337,49.8613,51.2467,1.38545
yang_reversed,3e-06,AXEC3,121.281,0.464959,131.268,0.263323,9.9865,0.534346,167.709,169.639,1.92991,46.428,38.3714,-8.05659
yang_reversed,1e-05,AXAS1,165.913,0.772221,168.663,0.528827,2.75003,0.93594,46.3456,42.7003,-3.6453,60.4331,54.0378,-6.39533
yang_reversed,1e-05,AXAS2,148.428,0.997393,164.942,0.87802,16.5134,1.3288,60.3799,52.7189,-7.661,-88.0484,67.7772,-24.1744
yang_reversed,1e-05,AXCC1,145.391,2.74788,172.829,0.93269,27.4375,2.90185,46.748,66.8828,20.1348,81.3566,74.0539,-7.30264
yang_reversed,1e-05,AXEC1,161.177,0.289014,168.576,0.290929,7.39835,0.410084,10.971,158.231,-32.74,29.7938,-10.3445,-40.1383
yang_reversed,1e-05,AXEC2,95.6561,0.252274,98.254,0.331666,2.59793,0.416707,147.87,153.595,5.72454,52.2141,55.3407,3.12662
yang_reversed,1e-05,AXEC3,121.281,0.464959,131.268,0.263323,9.9865,0.534346,169.457,172.721,3.26397,48.1764,41.4538,-6.72253
yang_reversed,3e-05,AXAS1,165.913,0.772221,168.663,0.528827,2.75003,0.93594,42.9933,36.4171,-6.5762,57.0808,47.7546,-9.32623
yang_reversed,3e-05,AXAS2,148.428,0.997393,164.942,0.87802,16.5134,1.3288,56.5336,45.0337,-11.4999,88.1053,60.092,-28.0133
yang_reversed,3e-05,AXCC1,145.391,2.74788,172.829,0.93269,27.4375,2.90185,29.4571,47.8113,18.3542,64.0657,54.9825,-9.08324
yang_reversed,3e-05,AXEC1,161.177,0.289014,168.576,0.290929,7.39835,0.410084,12.8996,175.324,-17.5754,31.7224,6.74871,-24.9737
yang_reversed,3e-05,AXEC2,95.6561,0.252274,98.254,0.331666,2.59793,0.416707,155.045,165.05,10.0046,59.3888,66.7955,7.4067
yang_reversed,3e-05,AXEC3,121.281,0.464959,131.268,0.263323,9.9865,0.534346,173.848,179.416,5.56763,52.5671,48.1482,-4.41888
yang_reversed,0.0001,AXAS1,165.913,0.772221,168.663,0.528827,2.75003,0.93594,35.3776,27.9252,-7.45238,49.4651,39.2627,-10.2024
yang_reversed,0.0001,AXAS2,148.428,0.997393,164.942,0.87802,16.5134,1.3288,45.6593,32.3844,-13.2749,77.231,47.4427,-29.7883
yang_reversed,0.0001,AXCC1,145.391,2.74788,172.829,0.93269,27.4375,2.90185,22.7093,28.4077,5.69841,57.3179,35.5788,-21.7391
yang_reversed,0.0001,AXEC1,161.177,0.289014,168.576,0.290929,7.39835,0.410084,15.9623,11.9557,-4.00659,34.7851,23.3801,-11.4049
yang_reversed,0.0001,AXEC2,95.6561,0.252274,98.254,0.331666,2.59793,0.416707,175.939,5.59682,9.65751,80.2833,87.3428,7.05959
yang_reversed,0.0001,AXEC3,121.281,0.464959,131.268,0.263323,9.9865,0.534346,3.53717,9.6798,6.14263,62.2561,58.4122,-3.84387
