model,rate_per_yr,rms_change_2m_dike,rms_change_null,sign_agree_of_6,best_opening_m,rms_change_best_opening,rms_abs_2015,rms_abs_2026
two_sphere,0,12.0597,14.1084,4,1.5,11.8962,43.794,34.536
two_sphere,1e-06,12.1503,14.1084,4,1.5,11.9533,43.8099,34.4687
two_sphere,3e-06,12.3582,14.1084,4,1.4,12.0724,43.8493,34.3633
two_sphere,1e-05,13.4244,14.1084,5,1,12.4736,44.0661,34.3038
two_sphere,3e-05,22.0978,14.1084,5,0.7,16.383,45.3968,38.4265
two_sphere,0.0001,23.5863,14.1084,3,0,21.3611,51.2465,49.386
yang,0,24.2079,14.1084,3,0,14.1084,46.2009,47.3584
yang,1e-06,24.7815,14.1084,3,0.1,14.1728,46.2838,47.4815
yang,3e-06,26.103,14.1084,3,0.1,14.3208,46.5046,47.8129
yang,1e-05,33.324,14.1084,3,0.3,16.4695,48.2785,50.2642
yang,3e-05,53.4143,14.1084,1,0.4,38.8729,44.4546,58.7571
yang,0.0001,15.4412,14.1084,2,1.3,15.2557,57.8817,50.7627
yang_reversed,0,24.5089,14.1084,3,0.1,14.0911,59.9775,57.7938
yang_reversed,1e-06,23.9388,14.1084,3,0.3,14.6153,60.6523,57.4517
yang_reversed,3e-06,22.7976,14.1084,3,0.5,14.7599,62.1282,56.7777
yang_reversed,1e-05,19.7682,14.1084,3,0.8,14.0482,63.1909,54.5983
yang_reversed,3e-05,16.5947,14.1084,3,1.3,15.386,61.1308,51.2186
yang_reversed,0.0001,16.6268,14.1084,3,2.6,16.5469,62.22,52.6713
