event_id,waveform_file,station,datetime,s_arrival_time,p_arrival_time,latitude,longitude,depth,back_azimuth,magnitude,snr_horizontal,rectilinearity_jurkevics,incidence_p_jurkevics,incidence_eigenvalue_s,incidence_pykonal_s
0,waveforms/event_2015-01-22T00-11-48.772000Z.mseed,AXAS2,2015-01-22T00:11:48.772000Z,0.568,0.328,45.941242,-130.013107,0.505,6.025876782781182,0.0,3.7006088970719233,0.9445589943224673,10.101401289502194,28.949097862420395,15.354240484910932
1,waveforms/event_2015-01-22T02-02-41.045000Z.mseed,AXAS2,2015-01-22T02:02:41.045000Z,0.585,0.345,45.941704,-130.012985,0.529,6.328404236640409,0.0,6.646926639936742,0.9011490761823537,13.06374041763158,35.78725273592809,14.821512004773414
2,waveforms/event_2015-01-22T02-41-52.308000Z.mseed,AXAS2,2015-01-22T02:41:52.308000Z,1.882,1.022,45.969482,-129.999695,1.861,16.438222507950954,0.0,3.23103083158536,0.9045417109472406,10.386794126552957,3.8014079658745477,9.558016716926033
4,waveforms/event_2015-01-22T02-50-16.026000Z.mseed,AXAS2,2015-01-22T02:50:16.026000Z,1.574,0.934,45.963005,-129.998108,1.457,21.60911479424925,0.0,2.2370051909475204,0.8971899080355842,27.127634540642365,63.15603395833554,9.921576756528136
6,waveforms/event_2015-01-22T03-00-46.754000Z.mseed,AXAS2,2015-01-22T03:00:46.754000Z,0.626,0.376,45.939075,-130.020309,1.149,321.4952480715074,0.0,4.970103397286599,0.9802444090932112,12.535935133254712,42.9966034714879,9.066564661436498
7,waveforms/event_2015-01-22T03-01-31.660000Z.mseed,AXAS2,2015-01-22T03:01:31.660000Z,1.28,0.75,45.950054,-129.99675,0.45,37.34688002367108,0.0,4.816734376077005,0.7521640656708793,19.207973208839096,38.31974190893975,9.810017652922115
8,waveforms/event_2015-01-22T03-21-07.713000Z.mseed,AXAS2,2015-01-22T03:21:07.713000Z,0.527,0.297,45.930153,-130.014069,1.106,180.38602293173233,0.0,6.79315174591411,0.7466130303513037,21.24506596418424,20.947713455141592,9.537229390288052
9,waveforms/event_2015-01-22T03-37-40.693000Z.mseed,AXAS2,2015-01-22T03:37:40.693000Z,0.697,0.407,45.94381,-130.01825,0.824,344.6432746509341,0.0,3.006749013633791,0.9100482405308581,22.8700817624551,52.65877997773928,13.151198016585786
10,waveforms/event_2015-01-22T03-40-37.373000Z.mseed,AXAS2,2015-01-22T03:40:37.373000Z,0.087,-0.383,45.953995,-130.005264,0.372,17.67600982024628,0.0,2.255953689146657,0.9633392530241714,15.439196755246718,75.44222939670935,10.851591320921855
11,waveforms/event_2015-01-22T03-43-52.227000Z.mseed,AXAS2,2015-01-22T03:43:52.227000Z,1.523,0.303,45.950581,-129.997696,0.18,34.96837541352546,0.0,2.7396129482321943,0.837370757060565,58.652155714273235,25.92057463661914,12.272808573853855
12,waveforms/event_2015-01-22T04-45-04.100000Z.mseed,AXAS2,2015-01-22T04:45:04.100000Z,0.56,0.31,45.941299,-130.013107,0.489,5.985994242730385,0.0,4.236542546890648,0.9631434143308193,12.794457869059453,17.662257320363885,15.574371686326081
13,waveforms/event_2015-01-22T04-51-47.298000Z.mseed,AXAS2,2015-01-22T04:51:47.298000Z,1.962,1.092,45.969303,-129.992477,2.647,23.720963491529176,0.0,3.459722478776021,0.9173717509437765,4.618851500415953,28.24462104512818,9.01292463087966
14,waveforms/event_2015-01-22T04-56-42.742000Z.mseed,AXAS2,2015-01-22T04:56:42.742000Z,0.578,0.348,45.935417,-130.018829,1.236,297.25626486397084,0.0,5.551472230477832,0.981137664572288,5.588031295117206,26.730085187429882,7.405182087045725
15,waveforms/event_2015-01-22T05-01-53.618000Z.mseed,AXAS2,2015-01-22T05:01:53.618000Z,1.712,0.992,45.964764,-129.998398,1.522,20.186353281165083,0.0,2.1603674532399415,0.8718108269769476,8.379113770052308,26.56080097862455,10.12697152280632
16,waveforms/event_2015-01-22T05-20-42.271000Z.mseed,AXAS2,2015-01-22T05:20:42.271000Z,0.629,0.359,45.942486,-130.014114,0.548,0.6645535077686588,0.0,4.026298100225467,0.9077986141649633,17.82304520332217,37.52250690634515,14.698334171774944
17,waveforms/event_2015-01-22T05-34-14.780000Z.mseed,AXAS2,2015-01-22T05:34:14.780000Z,2.16,1.2,45.979816,-129.994141,2.428,17.543018568608844,0.0,4.212366235948552,0.9157566138359633,11.922865726576333,48.32774337315681,10.134620577377387
18,waveforms/event_2015-01-22T05-45-28.608000Z.mseed,AXAS2,2015-01-22T05:45:28.608000Z,0.602,0.362,45.935673,-130.019485,1.251,297.59164980957587,0.0,4.959654383976419,0.965762336361279,13.6665268119614,33.174559840265154,77.31376020544846
20,waveforms/event_2015-01-22T06-02-31.131000Z.mseed,AXAS2,2015-01-22T06:02:31.131000Z,0.869,0.519,45.946842,-130.022919,0.899,335.52632194069747,0.0,2.7961551387430856,0.8505366704158585,26.605659432991747,74.88611947616084,11.2846567990145
21,waveforms/event_2015-01-22T10-15-32.156000Z.mseed,AXAS2,2015-01-22T10:15:32.156000Z,0.644,0.374,45.943146,-130.016205,0.645,351.82707126234743,0.0,4.358281839629613,0.9654429060892641,11.847739934562373,70.656484746152,13.55957236937731
22,waveforms/event_2015-01-22T10-34-31.092000Z.mseed,AXAS2,2015-01-22T10:34:31.092000Z,0.648,0.378,45.942497,-130.016464,0.679,350.02718442180554,0.0,4.268232479038715,0.9873336752890094,15.253588839896173,37.96478984847485,13.33864448679896
23,waveforms/event_2015-01-22T10-39-08.507000Z.mseed,AXAS2,2015-01-22T10:39:08.507000Z,0.643,0.393,45.941593,-130.020187,0.756,332.2343296404787,0.0,3.823303027426817,0.9615374352847907,16.008785711032235,17.37597069272556,12.900187838433666
24,waveforms/event_2015-01-22T12-11-41.344000Z.mseed,AXAS2,2015-01-22T12:11:41.344000Z,1.606,0.976,45.964386,-129.99942,1.37,19.217307222188424,0.0,2.491968692093506,0.9616435451357942,5.965393061523043,10.8924948394348,9.106971303559563
25,waveforms/event_2015-01-22T12-53-24.901000Z.mseed,AXAS2,2015-01-22T12:53:24.901000Z,0.629,0.369,45.942135,-130.011597,0.396,12.52006502791653,0.0,4.1501662468032645,0.8824154662762927,9.075290783153328,9.365885350179626,16.217945420105462
26,waveforms/event_2015-01-22T13-28-40.810000Z.mseed,AXAS2,2015-01-22T13:28:40.810000Z,0.62,0.36,45.942528,-130.014069,0.538,0.8702448720484597,0.0,3.2853013216740976,0.9637526024997299,16.995947603147705,55.35855112487144,14.780279936189967
27,waveforms/event_2015-01-22T13-41-44.199000Z.mseed,AXAS2,2015-01-22T13:41:44.199000Z,1.341,0.831,45.9506,-129.996536,0.443,36.779976124805316,0.0,3.7997801674263156,0.9366646909003987,3.989476758391946,25.692359993507914,10.314275951308026
28,waveforms/event_2015-01-22T14-12-53.184000Z.mseed,AXAS2,2015-01-22T14:12:53.184000Z,0.686,0.406,45.943642,-130.018356,0.865,343.98960048144465,0.0,3.2855222823792074,0.9329379550045646,7.3558846016702955,53.26474076524103,13.013507951139662
29,waveforms/event_2015-01-22T14-35-25.958000Z.mseed,AXAS2,2015-01-22T14:35:25.958000Z,0.722,0.432,45.943558,-130.019745,0.85,338.81197074628864,0.0,3.225683771268331,0.9533028617453032,7.908676679931419,49.653524774113464,14.001399919786316
30,waveforms/event_2015-01-22T16-02-31.040000Z.mseed,AXAS2,2015-01-22T16:02:31.040000Z,0.64,0.37,45.942757,-130.014023,0.555,1.0712336423483464,0.0,4.4174453964623375,0.9548495792262214,16.832864474909663,38.49416285482553,14.491986933354084
31,waveforms/event_2015-01-22T16-37-26.080000Z.mseed,AXAS2,2015-01-22T16:37:26.080000Z,0.65,0.38,45.942966,-130.014923,0.57,357.1561002469668,0.0,4.872639116302402,0.9731496702758969,10.001374802206868,38.7985671125583,14.392596003132107
32,waveforms/event_2015-01-22T16-55-54.165000Z.mseed,AXAS2,2015-01-22T16:55:54.165000Z,0.675,0.365,45.940357,-130.011124,0.18,18.223930302817095,0.0,2.1151956000946104,0.8992380809415488,14.180716926470511,44.81412606351479,20.913485737659858
33,waveforms/event_2015-01-22T17-26-39.320000Z.mseed,AXAS2,2015-01-22T17:26:39.320000Z,0.59,0.33,45.941761,-130.014267,0.537,359.8934424852214,0.0,3.2630219361501682,0.9371883871359363,16.762998641416846,12.990106616834579,13.193584543922457
34,waveforms/event_2015-01-22T17-50-09.038000Z.mseed,AXAS2,2015-01-22T17:50:09.038000Z,0.502,0.272,45.940098,-130.010468,0.466,22.551532408815234,0.0,3.937504248750877,0.9628733196576379,15.026237411669994,29.434559221270693,14.163451880469232
35,waveforms/event_2015-01-22T18-09-43.480000Z.mseed,AXAS2,2015-01-22T18:09:43.480000Z,0.57,0.31,45.941326,-130.013092,0.491,6.045992776682098,0.0,3.612553777490705,0.9490754501790438,15.077016154494943,18.023036912444024,15.569336096079077
36,waveforms/event_2015-01-22T20-29-11.226000Z.mseed,AXAS2,2015-01-22T20:29:11.226000Z,0.564,0.304,45.934238,-130.020599,1.005,276.6233445942709,0.0,3.8513164786191414,0.9615484843554541,7.937482059889454,29.58806258507421,7.5136950715852535
37,waveforms/event_2015-01-22T21-19-26.120000Z.mseed,AXAS2,2015-01-22T21:19:26.120000Z,0.56,0.32,45.941349,-130.014038,0.531,1.0557473561360382,0.0,2.9949103391318492,0.8784439238813265,25.167323348665075,23.433813874565093,15.225976118360865
38,waveforms/event_2015-01-22T21-45-42.629000Z.mseed,AXAS2,2015-01-22T21:45:42.629000Z,0.581,0.351,45.934986,-130.019379,1.285,289.000126423207,0.0,3.943726200017881,0.941662216116525,8.429706770852444,22.652532818407185,9.991623254044777
39,waveforms/event_2015-01-22T23-13-29.640000Z.mseed,AXAS2,2015-01-22T23:13:29.640000Z,0.53,0.3,45.94051,-130.010437,0.425,21.49355042924404,0.0,5.364754876655022,0.9378838095833761,16.14488510655401,28.245718283083118,11.14865804233193
40,waveforms/event_2015-01-22T23-22-32.518000Z.mseed,AXAS2,2015-01-22T23:22:32.518000Z,0.572,0.332,45.941387,-130.011093,0.418,16.12723700015667,0.0,5.019588455513143,0.9156108093281972,16.183182765211853,37.27675125786697,9.160605262534103
41,waveforms/event_2015-01-23T01-10-19.624000Z.mseed,AXAS2,2015-01-23T01:10:19.624000Z,0.606,0.286,45.941048,-130.018494,0.752,337.88785343788777,0.0,3.478734579297159,0.8147390164799766,75.18899459871483,31.001719453075506,14.420462632499698
42,waveforms/event_2015-01-23T01-13-24.700000Z.mseed,AXAS2,2015-01-23T01:13:24.700000Z,0.59,0.36,45.942135,-130.012573,0.474,7.9865057611676065,0.0,2.38842148715372,0.9646248715851775,12.171351451284956,47.20036953550757,15.361286613780534
43,waveforms/event_2015-01-23T01-37-49.416000Z.mseed,AXAS2,2015-01-23T01:37:49.416000Z,0.644,0.384,45.939896,-130.020294,1.098,325.529426633592,0.0,5.133145717108958,0.961578790340935,16.595198804582978,52.68254439432637,13.938908228411577
44,waveforms/event_2015-01-23T01-45-54.151000Z.mseed,AXAS2,2015-01-23T01:45:54.151000Z,0.579,0.339,45.941219,-130.012207,0.456,10.782550676742517,0.0,3.2511786715771733,0.980744268893513,16.75412855266217,17.669611226111368,15.846993381131828
46,waveforms/event_2015-01-23T02-11-35.791000Z.mseed,AXAS2,2015-01-23T02:11:35.791000Z,1.569,0.869,45.949821,-129.997528,0.11,36.48806267197518,0.0,4.841644103772355,0.9731005489370367,10.766652832595808,21.714316530790455,10.633424803430541
47,waveforms/event_2015-01-23T02-35-11.520000Z.mseed,AXAS2,2015-01-23T02:35:11.520000Z,0.58,0.3,45.938828,-130.007339,0.074,43.730274572070826,0.0,4.733357602669237,0.9604896747937014,17.66566457015625,18.750596690759,20.15141027655571
48,waveforms/event_2015-01-23T02-52-54.330000Z.mseed,AXAS2,2015-01-23T02:52:54.330000Z,0.76,0.48,45.945068,-130.020416,0.771,339.4236793192813,0.0,2.508498802258126,0.9429767974688016,13.428488432458224,67.8358967411922,12.772902260018164
49,waveforms/event_2015-01-23T03-02-11.799000Z.mseed,AXAS2,2015-01-23T03:02:11.799000Z,0.611,0.071,45.928379,-130.007431,1.184,139.92517657614343,0.0,3.696369160244024,0.9290843272195373,8.490041785115945,3.5096771762637933,6.590558082168995
50,waveforms/event_2015-01-23T03-02-32.937000Z.mseed,AXAS2,2015-01-23T03:02:32.937000Z,0.593,0.393,45.929092,-130.007034,1.206,134.22048271651283,0.0,3.2639562382274705,0.9783362166245492,5.3083041951724335,2.0598168545012667,8.373041904915642
52,waveforms/event_2015-01-23T03-44-57.671000Z.mseed,AXAS2,2015-01-23T03:44:57.671000Z,0.609,0.349,45.941929,-130.016846,0.628,347.5149542783654,0.0,4.8101818154634906,0.9648964649786249,20.126657132842542,34.94976064480062,13.818679399002733
53,waveforms/event_2015-01-23T03-45-48.540000Z.mseed,AXAS2,2015-01-23T03:45:48.540000Z,0.6,0.37,45.941952,-130.016418,0.608,349.5484556610045,0.0,3.666660956895374,0.7301957808823879,19.31174712568573,48.70449161161992,13.182788459955527
54,waveforms/event_2015-01-23T03-46-15.957000Z.mseed,AXAS2,2015-01-23T03:46:15.957000Z,0.633,0.363,45.942963,-130.014664,0.555,358.27794215908017,0.0,3.4497225472197233,0.9592506586276706,9.166494104241814,35.04842882307366,14.21143341470845
56,waveforms/event_2015-01-23T04-07-07.558000Z.mseed,AXAS2,2015-01-23T04:07:07.558000Z,2.102,0.992,45.966454,-129.987228,0.296,30.553888592216815,0.0,2.0122589159114703,0.9258788635394266,8.354597139684106,52.455385901227466,10.601008284708191
57,waveforms/event_2015-01-23T04-15-56.341000Z.mseed,AXAS2,2015-01-23T04:15:56.341000Z,1.359,0.789,45.950447,-129.996597,0.395,36.93430018112172,0.0,5.826230876189749,0.948575922186675,5.577836151447007,23.293654377539262,10.231383540574043
58,waveforms/event_2015-01-23T06-24-11.656000Z.mseed,AXAS2,2015-01-23T06:24:11.656000Z,0.504,0.274,45.939911,-130.010208,0.463,24.582103881075753,0.0,5.087605236647255,0.957788811772372,18.392283345071405,35.3321847868409,11.050622085408348
59,waveforms/event_2015-01-23T06-56-22.764000Z.mseed,AXAS2,2015-01-23T06:56:22.764000Z,2.056,1.106,45.974113,-130.001282,1.089,13.219935043570644,0.0,2.3157245067731584,0.9056063265570478,11.621755393485625,77.036126625891,9.448084598856601
60,waveforms/event_2015-01-23T07-24-57.185000Z.mseed,AXAS2,2015-01-23T07:24:57.185000Z,0.615,0.345,45.941959,-130.01561,0.607,353.39832907220875,0.0,2.61101895749391,0.9704087081739101,6.887598515161556,50.42030499420799,14.068844901561619
61,waveforms/event_2015-01-23T07-25-12.381000Z.mseed,AXAS2,2015-01-23T07:25:12.381000Z,0.609,0.369,45.941978,-130.016144,0.637,350.87296489866355,0.0,3.070580046059611,0.9737045974916341,14.759169339176903,34.03730241508348,13.89097270035485
62,waveforms/event_2015-01-23T08-04-00.009000Z.mseed,AXAS2,2015-01-23T08:04:00.009000Z,0.621,0.361,45.940716,-130.019211,0.949,333.5550567778294,0.0,4.293006869833317,0.9793821596863931,20.93208276662495,55.012564425971405,25.313781487512998
63,waveforms/event_2015-01-23T08-23-02.875000Z.mseed,AXAS2,2015-01-23T08:23:02.875000Z,0.685,0.415,45.943218,-130.014923,0.539,357.25117164453656,0.0,2.773166759871481,0.9324085597732978,18.434672819853233,36.45854716066516,11.656004756452099
64,waveforms/event_2015-01-23T09-00-51.836000Z.mseed,AXAS2,2015-01-23T09:00:51.836000Z,1.564,0.904,45.956657,-129.998138,0.454,26.667554493120782,0.0,2.4410935069803017,0.9521781501705882,20.912324514194765,23.869912592278062,12.820231095169095
66,waveforms/event_2015-01-23T10-21-58.573000Z.mseed,AXAS2,2015-01-23T10:21:58.573000Z,1.227,0.737,45.928112,-129.978348,1.258,103.49414095188826,0.0,3.3806419234948413,0.982769715551935,6.185020207641852,34.306163014457915,6.135451510864136
67,waveforms/event_2015-01-23T15-01-54.609000Z.mseed,AXAS2,2015-01-23T15:01:54.609000Z,0.581,0.351,45.93689,-130.019684,1.191,309.41805384635234,0.0,5.465335691575048,0.969913381687603,21.575526571025357,27.902937744896743,9.351024023479043
68,waveforms/event_2015-01-23T15-24-15.289000Z.mseed,AXAS2,2015-01-23T15:24:15.289000Z,0.651,0.391,45.942478,-130.016281,0.562,350.8174253340647,0.0,3.6538933670670426,0.8854784766466441,26.68342634750509,35.37293090480122,13.988173689652422
69,waveforms/event_2015-01-23T17-18-00.160000Z.mseed,AXAS2,2015-01-23T17:18:00.160000Z,1.38,0.8,45.948887,-129.994873,0.381,42.305831764109534,0.0,2.24687881112861,0.8941762944443349,9.821373455313154,18.074573459779803,11.760418374906193
70,waveforms/event_2015-01-23T17-18-17.591000Z.mseed,AXAS2,2015-01-23T17:18:17.591000Z,0.609,0.359,45.941566,-130.013641,0.565,3.080887585592393,0.0,3.3276822246513937,0.93614403036117,7.655607037539093,27.58344599032557,12.473808288412696
72,waveforms/event_2015-01-23T17-37-52.440000Z.mseed,AXAS2,2015-01-23T17:37:52.440000Z,0.7,0.42,45.94315,-130.018753,0.808,341.6398757065552,0.0,3.982223544922747,0.9558781186554713,16.890125398732344,52.487430864776385,12.300254881958201
73,waveforms/event_2015-01-23T17-38-32.120000Z.mseed,AXAS2,2015-01-23T17:38:32.120000Z,0.71,0.43,45.942974,-130.02066,0.963,334.2911970510818,0.0,5.373318282293609,0.9751749354815911,10.230930888553123,47.854819041540395,11.036120207731654
74,waveforms/event_2015-01-23T18-54-28.887000Z.mseed,AXAS2,2015-01-23T18:54:28.887000Z,0.553,0.323,45.941601,-130.014938,0.549,356.4591560442528,0.0,4.074251146676886,0.9266310656070857,20.68226180097211,47.775140648688655,15.084244742004286
75,waveforms/event_2015-01-23T18-55-39.538000Z.mseed,AXAS2,2015-01-23T18:55:39.538000Z,0.942,0.522,45.946293,-130.011856,0.151,7.853951406932026,0.0,5.498190015006066,0.9528464942549999,12.102875471601768,21.64459380593901,15.182747447100336
76,waveforms/event_2015-01-23T18-58-32.245000Z.mseed,AXAS2,2015-01-23T18:58:32.245000Z,0.665,0.385,45.933277,-130.025208,1.156,267.0931818803432,0.0,2.747861804205853,0.9496796427805572,11.105734594849007,36.542931177442,8.004981470650089
77,waveforms/event_2015-01-23T19-13-16.440000Z.mseed,AXAS2,2015-01-23T19:13:16.440000Z,0.7,0.4,45.943653,-130.016495,0.717,351.1330475733214,0.0,3.5513341788918944,0.9649181882465296,11.858948422017985,43.326772691836986,13.025192945427726
78,waveforms/event_2015-01-23T19-15-17.960000Z.mseed,AXAS2,2015-01-23T19:15:17.960000Z,0.69,0.42,45.943474,-130.014435,0.574,359.3491412259019,0.0,2.8818689003246885,0.949004230272774,19.817965799051983,39.760382894372135,13.947460452451752
79,waveforms/event_2015-01-23T19-15-26.000000Z.mseed,AXAS2,2015-01-23T19:15:26.000000Z,0.71,0.43,45.943439,-130.013214,0.482,4.386499249563954,0.0,3.8853967167042174,0.9445216222806321,17.96627238388578,45.32842325365682,14.789718229478376
81,waveforms/event_2015-01-23T19-46-09.771000Z.mseed,AXAS2,2015-01-23T19:46:09.771000Z,0.689,0.419,45.943111,-130.020432,1.094,335.41925618396544,0.0,4.4350266393781625,0.952435628629827,8.504765530283459,61.54772538940941,10.933391497151428
82,waveforms/event_2015-01-24T00-05-19.773000Z.mseed,AXAS2,2015-01-24T00:05:19.773000Z,0.697,0.407,45.943237,-130.017853,0.81,345.26932213313154,0.0,2.9097354726550764,0.9671893556599543,12.686233649128475,44.04482164527488,13.301978214696604
83,waveforms/event_2015-01-24T00-38-36.527000Z.mseed,AXAS2,2015-01-24T00:38:36.527000Z,1.963,1.033,45.97208,-130.002655,1.175,12.495692793159094,0.0,5.03255368817297,0.9974589542234521,8.290818819627832,32.322153874755394,9.326708634813333
84,waveforms/event_2015-01-24T01-23-28.494000Z.mseed,AXAS2,2015-01-24T01:23:28.494000Z,0.586,0.326,45.941334,-130.01091,0.403,17.12401289069453,0.0,3.842554800437245,0.9395710624821165,23.38051384883671,49.04285070323792,16.171245401510745
85,waveforms/event_2015-01-24T02-21-41.701000Z.mseed,AXAS2,2015-01-24T02:21:41.701000Z,0.589,0.349,45.942081,-130.012878,0.469,6.585586271724935,0.0,3.7690272495056636,0.9109913636152865,13.544526914360144,14.947935219635498,14.143638246518766
86,waveforms/event_2015-01-24T02-35-28.741000Z.mseed,AXAS2,2015-01-24T02:35:28.741000Z,2.109,1.129,45.976723,-130.004761,1.369,9.348795128556944,0.0,2.846037026829518,0.9067099515899305,7.587252568257604,35.516600760189654,9.778315213356867
87,waveforms/event_2015-01-24T03-46-45.999000Z.mseed,AXAS2,2015-01-24T03:46:45.999000Z,1.521,0.831,45.959911,-129.995987,1.567,26.519539152422922,0.0,2.7417515347991714,0.9497259931686425,0.7538631411569322,15.228017514834663,12.00126854921049
88,waveforms/event_2015-01-24T03-51-04.446000Z.mseed,AXAS2,2015-01-24T03:51:04.446000Z,0.654,0.384,45.943306,-130.014465,0.516,359.1991729346229,0.0,4.032405763658912,0.9716509886255966,13.176494974916425,78.34735923466101,13.676824910492194
89,waveforms/event_2015-01-24T04-00-08.473000Z.mseed,AXAS2,2015-01-24T04:00:08.473000Z,0.627,0.377,45.940098,-130.02034,1.091,326.2024765076783,0.0,3.789240028556933,0.9650898164960588,14.520828902703416,31.768026414958776,11.384767613033974
91,waveforms/event_2015-01-24T04-24-17.225000Z.mseed,AXAS2,2015-01-24T04:24:17.225000Z,2.215,1.175,45.976345,-129.993912,1.418,19.022356036418913,0.0,2.484417778557503,0.981472396604226,3.2942724163049353,32.071429709230074,9.102101765576261
92,waveforms/event_2015-01-24T04-26-55.197000Z.mseed,AXAS2,2015-01-24T04:26:55.197000Z,1.533,0.843,45.961071,-129.995834,1.503,25.7419558202443,0.0,2.780802486671201,0.8955936693586563,34.21194954046454,46.33547561015538,9.246268882186811
100,waveforms/event_2015-01-24T05-09-14.115000Z.mseed,AXAS2,2015-01-24T05:09:14.115000Z,1.325,0.765,45.946899,-129.991898,0.468,50.43643357893146,0.0,3.694024220689256,0.9663158195501765,7.131012501788954,52.927476837036274,10.047720265684577
101,waveforms/event_2015-01-24T05-22-34.347000Z.mseed,AXAS2,2015-01-24T05:22:34.347000Z,0.703,0.433,45.942852,-130.021118,1.036,332.4004822283442,0.0,5.5247912358626605,0.9590921205338127,11.819147968376475,46.190777951995514,40.9004618547562
104,waveforms/event_2015-01-24T05-29-20.139000Z.mseed,AXAS2,2015-01-24T05:29:20.139000Z,1.251,0.801,45.942883,-129.987564,0.457,64.51196570840683,0.0,2.4125982907010073,0.9460667101538807,9.144306048009312,6.401113409062774,7.74425779213736
106,waveforms/event_2015-01-24T06-09-38.392000Z.mseed,AXAS2,2015-01-24T06:09:38.392000Z,0.608,0.348,45.941391,-130.013245,0.564,5.204197363824051,0.0,3.3072238883902063,0.890949891507822,18.412283997481453,28.56427933014011,14.537122909799292
107,waveforms/event_2015-01-24T06-39-07.760000Z.mseed,AXAS2,2015-01-24T06:39:07.760000Z,0.46,0.27,45.939621,-130.011429,0.418,18.39504138179906,0.0,3.160019886680735,0.9765816096685794,11.4161071088685,19.900774334172553,7.053657716095439
108,waveforms/event_2015-01-24T06-51-41.312000Z.mseed,AXAS2,2015-01-24T06:51:41.312000Z,0.658,0.378,45.943027,-130.013077,0.504,5.137363803348691,0.0,2.8915088873754606,0.9391133958623092,12.850662251660951,46.34427026843086,14.786027454756352
109,waveforms/event_2015-01-24T07-22-04.165000Z.mseed,AXAS2,2015-01-24T07:22:04.165000Z,0.665,0.395,45.943405,-130.014557,0.563,358.8335554780526,0.0,2.8843953020986532,0.9447980399016421,11.796459743731953,36.32520078253512,14.171748986153998
110,waveforms/event_2015-01-24T07-27-21.864000Z.mseed,AXAS2,2015-01-24T07:27:21.864000Z,0.636,0.366,45.943237,-130.018143,0.775,344.13826158119184,0.0,4.5422602144399224,0.9489517220662602,11.76343529855754,10.507720696422544,13.968600404546898
113,waveforms/event_2015-01-24T09-06-37.895000Z.mseed,AXAS2,2015-01-24T09:06:37.895000Z,0.635,0.375,45.940292,-130.02066,1.117,325.6706706643705,0.0,2.7647319690446177,0.9731116127188348,17.73459974287147,51.217615788346606,10.607936773379553
114,waveforms/event_2015-01-24T09-12-46.578000Z.mseed,AXAS2,2015-01-24T09:12:46.578000Z,0.652,0.372,45.942741,-130.015976,0.609,352.4284488728143,0.0,5.271266859358237,0.9664093565851298,6.682886832818236,30.896575157222593,14.02306697963138
115,waveforms/event_2015-01-24T10-09-01.599000Z.mseed,AXAS2,2015-01-24T10:09:01.599000Z,0.641,0.361,45.942829,-130.01416,0.515,0.4640182536278843,0.0,4.353273592043597,0.9207968207170321,19.44425778627493,37.26522438187122,14.95515342974541
116,waveforms/event_2015-01-24T10-14-47.079000Z.mseed,AXAS2,2015-01-24T10:14:47.079000Z,1.501,0.871,45.961086,-129.998413,1.345,22.554645229675188,0.0,2.454614580910689,0.796628028650345,2.1704669405073584,35.3256946111738,9.830244577956352
117,waveforms/event_2015-01-24T10-38-30.100000Z.mseed,AXAS2,2015-01-24T10:38:30.100000Z,0.73,0.43,45.943577,-130.019775,0.959,338.7452133055332,0.0,3.145485751795432,0.9267207085943584,8.881933078588663,44.27184573264651,12.363893406938963
118,waveforms/event_2015-01-24T10-48-29.585000Z.mseed,AXAS2,2015-01-24T10:48:29.585000Z,3.545,2.385,45.956078,-130.002502,0.092,20.66000009224591,0.0,2.490370502936506,0.7850738779810934,45.21891705763285,49.79568311409935,12.000933077857388
121,waveforms/event_2015-01-24T12-01-16.591000Z.mseed,AXAS2,2015-01-24T12:01:16.591000Z,0.529,0.289,45.9408,-130.012238,0.474,11.198185456683731,0.0,4.266137520397977,0.905168970050636,11.770641013917244,29.393690776952276,15.520090058778871
122,waveforms/event_2015-01-24T13-08-45.077000Z.mseed,AXAS2,2015-01-24T13:08:45.077000Z,0.593,0.353,45.938606,-130.019363,1.132,323.5200407683101,0.0,4.814423285509289,0.9671410753371866,17.81612889148501,53.14187240367169,8.772203050165908
124,waveforms/event_2015-01-24T13-43-56.746000Z.mseed,AXAS2,2015-01-24T13:43:56.746000Z,0.534,0.314,45.938824,-130.018326,0.899,330.47028400592313,0.0,4.401260104701825,0.9634226378104835,13.796275050492312,40.970668558032095,11.317210815363214
125,waveforms/event_2015-01-24T14-27-31.058000Z.mseed,AXAS2,2015-01-24T14:27:31.058000Z,0.492,0.272,45.940132,-130.011887,0.49,14.36977141860659,0.0,4.633975851058182,0.9809291139662305,12.149673148202595,22.227459542009562,10.615280048517414
126,waveforms/event_2015-01-24T14-34-07.888000Z.mseed,AXAS2,2015-01-24T14:34:07.888000Z,0.572,0.332,45.940807,-130.016205,0.629,348.9405982513639,0.0,7.008682853571601,0.9688724758430927,13.506860718920294,16.379157084151338,13.715956712789103
128,waveforms/event_2015-01-24T16-32-00.758000Z.mseed,AXAS2,2015-01-24T16:32:00.758000Z,1.322,0.762,45.946774,-129.991776,0.477,50.86110496911454,0.0,3.030249816763831,0.9797325426713673,5.438051651189121,63.09140130028666,11.351853460360749
129,waveforms/event_2015-01-24T17-03-31.300000Z.mseed,AXAS2,2015-01-24T17:03:31.300000Z,0.69,0.4,45.942677,-130.019592,0.925,337.45347521054657,0.0,3.355553540521484,0.8353132606043486,29.325512951483006,47.44070245189211,11.952280768942273
130,waveforms/event_2015-01-24T17-05-48.400000Z.mseed,AXAS2,2015-01-24T17:05:48.400000Z,0.62,0.36,45.942669,-130.014816,0.459,357.5160385917877,0.0,8.32766366249244,0.9435404317848624,14.861030466400788,16.373793580073713,15.384347085124892
131,waveforms/event_2015-01-24T17-25-31.851000Z.mseed,AXAS2,2015-01-24T17:25:31.851000Z,0.709,0.419,45.94381,-130.017181,0.622,348.6451356777161,0.0,4.240859486639781,0.9683936219768525,14.33462275454213,47.719992252298375,13.340954209243042
132,waveforms/event_2015-01-24T17-30-30.442000Z.mseed,AXAS2,2015-01-24T17:30:30.442000Z,0.848,0.588,45.94907,-130.021027,1.539,343.20193922563874,0.0,2.645291923920395,0.9236017278699324,14.742618436952256,27.306006340816072,10.15376707772711
133,waveforms/event_2015-01-24T17-48-15.916000Z.mseed,AXAS2,2015-01-24T17:48:15.916000Z,1.194,0.654,45.952797,-130.026215,0.669,336.78221038259005,0.0,4.871269578945901,0.9316095377322001,5.482590287436942,56.28822753064911,11.609757174516146
134,waveforms/event_2015-01-24T17-59-56.059000Z.mseed,AXAS2,2015-01-24T17:59:56.059000Z,0.521,0.291,45.937725,-130.016174,0.941,340.63240142657037,0.0,5.868154819255388,0.9303533789231636,17.650301847967594,30.64217199314875,16.15873441850362
135,waveforms/event_2015-01-24T18-02-19.813000Z.mseed,AXAS2,2015-01-24T18:02:19.813000Z,0.577,0.347,45.935627,-130.019318,1.243,297.7543610630466,0.0,6.14847141419957,0.943972105030959,18.378360166102798,32.71545713402344,8.84816723651483
136,waveforms/event_2015-01-24T19-37-45.680000Z.mseed,AXAS2,2015-01-24T19:37:45.680000Z,0.62,0.35,45.942383,-130.01561,0.56,353.75560237465737,0.0,3.582998268256368,0.9823950223558032,20.398174196125307,23.22820785220637,14.580438494232281
137,waveforms/event_2015-01-24T20-25-44.882000Z.mseed,AXAS2,2015-01-24T20:25:44.882000Z,1.338,0.668,45.951519,-129.997086,0.424,34.49549485362255,0.0,3.3597735833048237,0.8950882894103942,70.32309744417744,21.365839043774507,11.049598426288888
138,waveforms/event_2015-01-24T21-32-42.124000Z.mseed,AXAS2,2015-01-24T21:32:42.124000Z,0.616,0.366,45.935207,-130.019821,1.365,290.5289727037241,0.0,8.63139265966831,0.9597171223556598,11.654318592744756,30.70714285558885,7.555262123702247
139,waveforms/event_2015-01-24T21-38-51.600000Z.mseed,AXAS2,2015-01-24T21:38:51.600000Z,1.61,0.96,45.96384,-129.998947,1.463,20.091063115925223,0.0,2.785011425977399,0.9666446810647454,7.416103123162832,66.00348853173486,11.288402734340083
140,waveforms/event_2015-01-25T07-46-17.921000Z.mseed,AXAS2,2015-01-25T07:46:17.921000Z,2.379,1.269,45.981346,-130.003281,3.003,9.737409494093853,0.0,2.700201761926815,0.9756032284889399,4.13446717358146,22.56614424304173,9.840703530120972
143,waveforms/event_2015-01-25T07-56-52.450000Z.mseed,AXAS2,2015-01-25T07:56:52.450000Z,2.26,1.2,45.977432,-130.005569,0.569,8.486298117357904,0.0,2.3351696277957434,0.8472428744080955,8.462191199380115,30.121228236611664,9.553252535283292
144,waveforms/event_2015-01-25T08-00-12.071000Z.mseed,AXAS2,2015-01-25T08:00:12.071000Z,2.269,1.199,45.980736,-130.006653,1.384,7.037023846859796,0.0,3.400853246235975,0.9669124839848883,7.1324307664171025,38.434919024584566,8.995813776751564
145,waveforms/event_2015-01-25T08-00-16.805000Z.mseed,AXAS2,2015-01-25T08:00:16.805000Z,2.295,1.235,45.981007,-130.004089,1.842,9.133579424791321,0.0,2.7481701773024647,0.8517839807022507,15.208765275028837,36.02426996332376,8.641842445557957
146,waveforms/event_2015-01-25T08-00-29.506000Z.mseed,AXAS2,2015-01-25T08:00:29.506000Z,2.194,1.184,45.977535,-130.005432,3.021,8.590991060865761,0.0,2.3571306712578295,0.8672882294986058,17.691632132223457,16.328051773881437,8.621132294904173
147,waveforms/event_2015-01-25T08-00-48.016000Z.mseed,AXAS2,2015-01-25T08:00:48.016000Z,2.084,1.124,45.972652,-129.997284,3.218,17.509619345138432,0.0,3.517194920446822,0.7468811188001245,24.35641919729517,61.18179749837083,8.484095441619303
148,waveforms/event_2015-01-25T08-01-29.425000Z.mseed,AXAS2,2015-01-25T08:01:29.425000Z,2.275,0.865,45.979408,-130.00473,3.049,8.874859198074759,0.0,3.5553474202518203,0.7493844223190973,28.067218967542424,30.05815810314824,10.513384581742082
149,waveforms/event_2015-01-25T08-04-35.380000Z.mseed,AXAS2,2015-01-25T08:04:35.380000Z,1.98,1.05,45.971584,-130.003067,0.986,12.228407831197657,0.0,2.937887875392877,0.965422395000535,5.786503928978546,34.2005005528036,9.705702082071644
150,waveforms/event_2015-01-25T08-58-56.351000Z.mseed,AXAS2,2015-01-25T08:58:56.351000Z,2.249,1.189,45.979721,-130.008347,2.527,5.717426038565961,0.0,3.4616627060420297,0.9635530798157304,9.526274446259434,40.81685112009101,9.490195935276297
151,waveforms/event_2015-01-25T09-16-22.347000Z.mseed,AXAS2,2015-01-25T09:16:22.347000Z,0.663,0.383,45.943272,-130.014313,0.517,359.8328185701972,0.0,3.8995536734605216,0.9673392450108327,13.637632570464781,74.88794007718418,12.789513879785455
152,waveforms/event_2015-01-25T11-20-23.857000Z.mseed,AXAS2,2015-01-25T11:20:23.857000Z,0.513,0.293,45.940437,-130.01088,0.44,19.350336515527644,0.0,3.9362957568188772,0.8800493675269073,17.70610520889038,27.938233725722345,15.256940020545636
153,waveforms/event_2015-01-25T11-29-38.924000Z.mseed,AXAS2,2015-01-25T11:29:38.924000Z,0.786,0.486,45.94136,-130.023285,1.565,320.55669553687244,0.0,3.2827743496670143,0.9307357341554848,3.869488771059398,40.381321688950386,9.69771541693065
154,waveforms/event_2015-01-25T13-05-14.883000Z.mseed,AXAS2,2015-01-25T13:05:14.883000Z,1.497,0.847,45.950039,-129.99791,0.116,35.4939170812804,0.0,2.288413321623154,0.9582548226899708,13.542336622927774,11.108799292602066,11.281562921704774
155,waveforms/event_2015-01-25T16-02-08.789000Z.mseed,AXAS2,2015-01-25T16:02:08.789000Z,0.641,0.361,45.942623,-130.015686,0.554,353.6047707490592,0.0,4.8098004632023414,0.92267609381668,32.31681069048684,41.091280838573695,14.404288895133863
156,waveforms/event_2015-01-25T17-03-06.880000Z.mseed,AXAS2,2015-01-25T17:03:06.880000Z,0.54,0.31,45.940872,-130.011581,0.455,14.627603453048579,0.0,5.026658994978615,0.875675156042824,14.110672360969772,45.5473378881583,13.800025361300627
157,waveforms/event_2015-01-25T17-38-39.450000Z.mseed,AXAS2,2015-01-25T17:38:39.450000Z,1.49,0.86,45.959679,-129.997528,1.317,24.769168022315213,0.0,2.7322024041605304,0.9008752863723932,17.93952581166719,9.349927092294745,9.968180353880824
158,waveforms/event_2015-01-25T17-50-10.840000Z.mseed,AXAS2,2015-01-25T17:50:10.840000Z,1.35,0.81,45.947182,-129.992188,0.434,49.45963379176946,0.0,4.496864530101457,0.8468483367564917,6.574654064890428,43.59538344290927,8.405774541140715
159,waveforms/event_2015-01-25T18-29-31.583000Z.mseed,AXAS2,2015-01-25T18:29:31.583000Z,0.527,0.297,45.940872,-130.011887,0.458,12.993674057464034,0.0,4.1650801711863075,0.9470159926735399,19.616320742766547,33.137832153275795,62.680580652781366
160,waveforms/event_2015-01-25T18-33-04.000000Z.mseed,AXAS2,2015-01-25T18:33:04.000000Z,0.62,0.36,45.936832,-130.02002,1.285,307.2802369469679,0.0,3.6876399251515446,0.9643245071728153,8.914502636164741,17.282530361792908,23.752509672485274
161,waveforms/event_2015-01-25T18-36-22.033000Z.mseed,AXAS2,2015-01-25T18:36:22.033000Z,0.637,0.367,45.940243,-130.020676,1.09,325.4014108040184,0.0,3.8433908112053103,0.9605030442193171,17.530679591394378,50.663313508712875,23.141900076912215
162,waveforms/event_2015-01-25T18-45-45.456000Z.mseed,AXAS2,2015-01-25T18:45:45.456000Z,1.424,0.864,45.953606,-129.987167,1.71,44.16687499090057,0.0,4.964606952340567,0.9096881701299371,6.9945134293955435,44.776955489565985,8.19438356910335
163,waveforms/event_2015-01-25T18-46-44.880000Z.mseed,AXAS2,2015-01-25T18:46:44.880000Z,1.4,0.89,45.953537,-129.987198,1.694,44.233642961853924,0.0,2.9323134932009776,0.8406708907538353,5.60029692834899,50.47736036313832,9.098784802534047
164,waveforms/event_2015-01-25T18-59-52.000000Z.mseed,AXAS2,2015-01-25T18:59:52.000000Z,1.35,0.78,45.94722,-129.992233,0.435,49.32084028737683,0.0,5.022288626781653,0.9293152216081134,3.9215093415113778,44.912819242383364,8.480650675226123
165,waveforms/event_2015-01-25T19-05-55.066000Z.mseed,AXAS2,2015-01-25T19:05:55.066000Z,0.634,0.374,45.939735,-130.020096,1.112,325.6871915741169,0.0,5.493508486243966,0.9763863230907497,21.44073367779231,34.62623813407893,9.224301603793256
166,waveforms/event_2015-01-25T19-06-19.174000Z.mseed,AXAS2,2015-01-25T19:06:19.174000Z,1.416,0.846,45.953594,-129.987228,1.69,44.11935049328105,0.0,6.043370906593195,0.9615494292134706,4.375524298780696,48.87878433773789,8.991772441815563
167,waveforms/event_2015-01-25T19-07-16.040000Z.mseed,AXAS2,2015-01-25T19:07:16.040000Z,1.42,0.85,45.953316,-129.987244,1.703,44.50647904300545,0.0,3.871496692622235,0.7865517162015144,20.251519313308393,39.26682206391459,11.990202596106242
168,waveforms/event_2015-01-25T19-10-34.590000Z.mseed,AXAS2,2015-01-25T19:10:34.590000Z,0.63,0.36,45.942505,-130.014679,0.52,358.08108538542393,0.0,3.5024155527264265,0.9523021663802843,23.205956454290916,33.36163330655524,14.803875195714166
169,waveforms/event_2015-01-25T19-11-03.969000Z.mseed,AXAS2,2015-01-25T19:11:03.969000Z,0.651,0.391,45.940338,-130.020447,1.079,326.7416659315903,0.0,4.226728914611657,0.9684176202396529,16.305633402241803,59.71216424439595,10.142013205975037
170,waveforms/event_2015-01-25T19-39-48.210000Z.mseed,AXAS2,2015-01-25T19:39:48.210000Z,0.54,0.31,45.940609,-130.013092,0.56,6.599811482691649,0.0,4.260370468783974,0.9645266162196015,20.712262997240522,26.296236788079995,14.450118430070763
171,waveforms/event_2015-01-25T19-45-59.518000Z.mseed,AXAS2,2015-01-25T19:45:59.518000Z,1.182,0.752,45.946392,-129.993225,0.545,49.80720079376006,0.0,3.6652723231557873,0.8211596613402434,7.50730578595398,41.464954276481386,18.25917992998824
172,waveforms/event_2015-01-25T20-59-10.200000Z.mseed,AXAS2,2015-01-25T20:59:10.200000Z,0.69,0.43,45.943363,-130.013977,0.543,1.2412598630200335,0.0,2.832085378691531,0.9355632689956147,19.997631776524624,47.538083905196125,14.3850633246879
173,waveforms/event_2015-01-25T21-17-23.966000Z.mseed,AXAS2,2015-01-25T21:17:23.966000Z,0.894,0.524,45.946217,-130.014771,0.379,358.5750968016295,0.0,2.3919397743966573,0.7431705359072376,76.38264657426394,68.94393553643035,14.337586140733615
175,waveforms/event_2015-01-25T21-44-13.928000Z.mseed,AXAS2,2015-01-25T21:44:13.928000Z,0.852,0.522,45.946663,-130.019516,0.765,344.39622171637666,0.0,3.7617504768391563,0.8739166375661563,10.643847599862204,34.536298482307416,12.882326113631045
176,waveforms/event_2015-01-25T21-53-41.362000Z.mseed,AXAS2,2015-01-25T21:53:41.362000Z,1.188,0.748,45.939651,-129.985443,1.432,74.32824030448118,0.0,5.086486758605813,0.9668283293892257,4.3883919945978995,7.403098406955564,7.735594361973536
177,waveforms/event_2015-01-25T21-56-53.395000Z.mseed,AXAS2,2015-01-25T21:56:53.395000Z,0.725,0.405,45.941013,-130.024307,0.808,316.2168963818914,0.0,2.9780490167598224,0.9514089276204569,10.976590443004083,65.94310663127963,11.627990787307915
178,waveforms/event_2015-01-25T21-57-08.120000Z.mseed,AXAS2,2015-01-25T21:57:08.120000Z,0.6,0.36,45.936501,-130.019974,1.27,304.407857815328,0.0,3.398847992885346,0.9485439092889715,9.944982989968949,17.820339454124436,10.528246364088922
179,waveforms/event_2015-01-25T22-32-20.929000Z.mseed,AXAS2,2015-01-25T22:32:20.929000Z,2.101,1.101,45.97427,-130.006744,1.255,7.946460059867306,0.0,2.3423562045392927,0.8643462927728132,18.809945452036875,45.85357614218976,10.125415889958882
180,waveforms/event_2015-01-25T22-53-45.513000Z.mseed,AXAS2,2015-01-25T22:53:45.513000Z,0.487,0.277,45.940262,-130.012222,0.471,12.139035159822583,0.0,3.597109562971087,0.9514611291806837,13.44585202201975,34.561333364788126,15.809126039535956
181,waveforms/event_2015-01-25T23-00-05.949000Z.mseed,AXAS2,2015-01-25T23:00:05.949000Z,0.591,0.361,45.94117,-130.017715,0.754,341.90885167655716,0.0,2.5118974128975826,0.9286021866727228,9.015940298212922,65.95703860319354,12.4674087423062
182,waveforms/event_2015-01-25T23-40-59.240000Z.mseed,AXAS2,2015-01-25T23:40:59.240000Z,0.63,0.37,45.942963,-130.015854,0.611,353.1468139125616,0.0,2.9915729725023565,0.903659776333535,5.978859465930749,36.732387894018515,13.261771955251263
183,waveforms/event_2015-01-25T23-57-41.950000Z.mseed,AXAS2,2015-01-25T23:57:41.950000Z,0.67,0.4,45.94273,-130.01947,0.9,338.03831260363927,0.0,3.3275743560048414,0.9631691853614073,12.581771571326305,56.642519255092544,13.07280342859716
184,waveforms/event_2015-01-26T00-08-39.526000Z.mseed,AXAS2,2015-01-26T00:08:39.526000Z,0.924,0.534,45.947102,-130.018387,0.559,348.08586032010317,0.0,3.4696746588866207,0.9033162484704355,29.718233697678606,84.18020449032203,13.038591123287432
185,waveforms/event_2015-01-26T00-17-26.870000Z.mseed,AXAS2,2015-01-26T00:17:26.870000Z,0.67,0.4,45.943039,-130.014664,0.532,358.29801693929477,0.0,4.098280684049584,0.9796732791465328,11.023804956813029,45.7062004946981,14.485480740225823
186,waveforms/event_2015-01-26T00-20-49.518000Z.mseed,AXAS2,2015-01-26T00:20:49.518000Z,0.802,0.462,45.945122,-130.014877,0.428,357.9950400651475,0.0,3.1687577062075003,0.9199188767289204,16.46288596870136,76.15216794439989,14.546829895433723
187,waveforms/event_2015-01-26T01-06-33.368000Z.mseed,AXAS2,2015-01-26T01:06:33.368000Z,1.962,1.062,45.971478,-129.998795,1.439,16.53078170428958,0.0,3.0389406010615936,0.9435926478762591,9.509612932002192,56.52864787793475,9.782054464933703
188,waveforms/event_2015-01-26T01-09-55.810000Z.mseed,AXAS2,2015-01-26T01:09:55.810000Z,0.64,0.38,45.942657,-130.014282,0.522,359.9102126916545,0.0,3.988631565991834,0.984328438968734,8.174902821025844,36.00155464234639,10.71284794786108
189,waveforms/event_2015-01-26T01-28-23.363000Z.mseed,AXAS2,2015-01-26T01:28:23.363000Z,1.977,1.067,45.968105,-129.991745,2.871,25.14639889963823,0.0,2.92622340238426,0.9370110264036182,3.4644361999457187,49.37801021690392,7.691870162653532
191,waveforms/event_2015-01-26T02-09-22.137000Z.mseed,AXAS2,2015-01-26T02:09:22.137000Z,0.703,0.423,45.943844,-130.015854,0.473,353.80324748791463,0.0,6.213957554997638,0.9517221274570813,11.130178126078505,46.68888471951478,13.029021221657702
192,waveforms/event_2015-01-26T02-09-47.378000Z.mseed,AXAS2,2015-01-26T02:09:47.378000Z,0.662,0.412,45.936539,-130.023071,1.327,294.59527011375104,0.0,2.982764364790027,0.8630745176809153,6.112221190235801,40.841912639413835,19.59843617885123
193,waveforms/event_2015-01-26T02-11-33.409000Z.mseed,AXAS2,2015-01-26T02:11:33.409000Z,0.661,0.381,45.942898,-130.014664,0.526,358.2605082211477,0.0,3.877116454190811,0.9734146105462803,18.180184486825123,40.519282932277804,14.900298340491531
194,waveforms/event_2015-01-26T02-12-32.591000Z.mseed,AXAS2,2015-01-26T02:12:32.591000Z,0.699,0.409,45.943703,-130.01564,0.545,354.5556631826739,0.0,3.1077422732870863,0.9488973844323046,14.074894983626399,34.61271298915574,11.818788775251253
195,waveforms/event_2015-01-26T02-43-23.624000Z.mseed,AXAS2,2015-01-26T02:43:23.624000Z,0.566,0.336,45.941196,-130.011246,0.427,15.738325366492077,0.0,3.3874243314495667,0.9176944183559987,19.00266198896333,50.509745763087565,14.86674218682474
196,waveforms/event_2015-01-26T02-51-30.512000Z.mseed,AXAS2,2015-01-26T02:51:30.512000Z,1.228,0.718,45.946331,-129.993271,0.529,49.88203914963173,0.0,5.660656128719549,0.9667168679640016,7.700625406347927,50.75360551056661,7.824617888719596
197,waveforms/event_2015-01-26T03-32-46.163000Z.mseed,AXAS2,2015-01-26T03:32:46.163000Z,0.717,0.427,45.942886,-130.020645,1.156,334.1236421599035,0.0,3.8247447934918046,0.892371607691122,11.210800883615526,45.94537728503885,12.118604539334346
199,waveforms/event_2015-01-26T03-50-51.097000Z.mseed,AXAS2,2015-01-26T03:50:51.097000Z,0.903,0.473,45.94632,-130.015533,0.401,356.17455874686425,0.0,3.8611492758581027,0.9198405894419565,17.23549229702579,48.971929560437346,13.718067388227354
200,waveforms/event_2015-01-26T04-06-32.773000Z.mseed,AXAS2,2015-01-26T04:06:32.773000Z,0.607,0.347,45.941689,-130.010895,0.306,16.49610082809977,0.0,5.780258705621108,0.9727698024657959,10.474806905914466,7.24289194115497,16.637152360398776
201,waveforms/event_2015-01-26T04-12-23.813000Z.mseed,AXAS2,2015-01-26T04:12:23.813000Z,0.567,0.327,45.938736,-130.018982,0.989,326.2833603389567,0.0,3.510399764313558,0.9768167232547649,14.863387176709834,34.181772056842505,9.83176339343077
202,waveforms/event_2015-01-26T04-34-58.389000Z.mseed,AXAS2,2015-01-26T04:34:58.389000Z,0.641,0.371,45.943039,-130.015823,0.595,353.3397112810043,0.0,3.7523128372776107,0.9549230630056157,15.804639164417159,60.71384659296812,13.75103279567574
204,waveforms/event_2015-01-26T04-46-01.674000Z.mseed,AXAS2,2015-01-26T04:46:01.674000Z,0.636,0.366,45.942799,-130.015518,0.616,354.4761250092976,0.0,2.5763468935676457,0.9748118188924504,9.80472563934002,46.971402287133934,13.999193203370867
206,waveforms/event_2015-01-26T05-05-15.191000Z.mseed,AXAS2,2015-01-26T05:05:15.191000Z,0.589,0.359,45.935265,-130.019287,1.258,293.1747778932314,0.0,7.686183098544073,0.9672817044844229,11.757456189817614,27.19596741262449,7.917077363087796
207,waveforms/event_2015-01-26T05-09-38.179000Z.mseed,AXAS2,2015-01-26T05:09:38.179000Z,1.331,0.811,45.947285,-129.992035,0.461,49.43989224859005,0.0,3.5508302620307908,0.8822522472752617,15.56979002425625,78.29705481973585,23.092981348093286
208,waveforms/event_2015-01-26T05-10-33.901000Z.mseed,AXAS2,2015-01-26T05:10:33.901000Z,0.639,0.399,45.942551,-130.015228,0.52,355.60765110328333,0.0,6.525202135252837,0.8826639393480421,23.999092675784553,13.992726041565547,15.066189902055712
209,waveforms/event_2015-01-26T05-18-35.290000Z.mseed,AXAS2,2015-01-26T05:18:35.290000Z,0.51,0.28,45.939922,-130.015381,0.755,352.46297790800384,0.0,3.3274694170446066,0.7688448245907774,12.916327401160109,35.896440307935286,13.35735921685159
211,waveforms/event_2015-01-26T05-42-04.749000Z.mseed,AXAS2,2015-01-26T05:42:04.749000Z,1.201,0.741,45.939384,-129.985382,1.417,75.06663716844818,0.0,3.723839069684174,0.9346782401355793,15.14296322671181,2.216086811154753,10.743920644508782
212,waveforms/event_2015-01-26T05-42-36.864000Z.mseed,AXAS2,2015-01-26T05:42:36.864000Z,1.166,0.706,45.941574,-129.988541,0.556,67.08427426979901,0.0,3.35725834045337,0.940655773705387,13.903555997358835,11.115082478207409,8.973217785690013
213,waveforms/event_2015-01-26T05-43-34.323000Z.mseed,AXAS2,2015-01-26T05:43:34.323000Z,1.157,0.677,45.939384,-129.985291,1.458,75.1136319356292,0.0,3.8319254683945894,0.9474447000836322,7.189380641156351,8.59136276077421,6.758210670893202
214,waveforms/event_2015-01-26T05-53-08.335000Z.mseed,AXAS2,2015-01-26T05:53:08.335000Z,1.155,0.735,45.941711,-129.988647,0.549,66.62729540208022,0.0,2.7111619451744042,0.8978119046459618,14.451660923081468,25.1219687194011,8.490653730723626
215,waveforms/event_2015-01-26T05-53-51.873000Z.mseed,AXAS2,2015-01-26T05:53:51.873000Z,1.197,0.737,45.939476,-129.985352,1.443,74.83873349984415,0.0,3.6656446863678354,0.9368010970217379,14.17947859260323,3.2487748103330008,7.320641555581144
216,waveforms/event_2015-01-26T05-55-26.481000Z.mseed,AXAS2,2015-01-26T05:55:26.481000Z,0.579,0.349,45.935459,-130.019318,1.245,295.6173703951917,0.0,6.326975171709069,0.958728776803796,18.793177415674734,29.476158670894126,9.012211410606863
217,waveforms/event_2015-01-26T05-58-56.526000Z.mseed,AXAS2,2015-01-26T05:58:56.526000Z,1.144,0.724,45.941586,-129.988663,0.549,66.95100896509001,0.0,3.695413457653364,0.9268923101075186,9.187145950312146,55.41515992813786,12.04579912044842
218,waveforms/event_2015-01-26T06-00-07.093000Z.mseed,AXAS2,2015-01-26T06:00:07.093000Z,0.767,0.437,45.945087,-130.015427,0.571,356.0523785355063,0.0,5.543256446610727,0.976924205337875,18.549372861446617,47.70294687312666,13.27009745316411
219,waveforms/event_2015-01-26T06-00-42.154000Z.mseed,AXAS2,2015-01-26T06:00:42.154000Z,0.816,0.486,45.945717,-130.019913,0.854,341.98018070318153,0.0,7.245912551073902,0.9245076768517557,13.997924808423171,37.17954607618434,12.887473152035744
220,waveforms/event_2015-01-26T06-01-04.491000Z.mseed,AXAS2,2015-01-26T06:01:04.491000Z,0.799,0.479,45.945652,-130.019501,0.854,343.13516622006046,0.0,6.374958776295565,0.9456499453091014,10.167982455308493,71.85917042693606,11.88209432561673
222,waveforms/event_2015-01-26T06-11-56.144000Z.mseed,AXAS2,2015-01-26T06:11:56.144000Z,1.186,0.726,45.93914,-129.985291,1.408,75.76085091725233,0.0,3.760816104998573,0.9774475504681172,3.4740510604008374,5.900045049077791,34.79851861084406
224,waveforms/event_2015-01-26T06-14-05.324000Z.mseed,AXAS2,2015-01-26T06:14:05.324000Z,2.456,1.326,45.986107,-130.006165,1.215,6.762150890115805,0.0,2.1403787708387956,0.9587466568956622,9.73319191375091,31.17364593016884,14.300596736310393
226,waveforms/event_2015-01-26T06-16-05.619000Z.mseed,AXAS2,2015-01-26T06:16:05.619000Z,1.151,0.721,45.941624,-129.988708,0.555,66.81078386135388,0.0,4.092950439048252,0.9009735073599877,12.877029717901111,83.53211479364133,23.274377654961857
227,waveforms/event_2015-01-26T06-16-18.153000Z.mseed,AXAS2,2015-01-26T06:16:18.153000Z,1.127,0.737,45.939445,-129.985306,1.267,74.94465684879967,0.0,2.280170538933215,0.9676748110011059,15.190328788857462,39.84503952429254,9.804353461273152
230,waveforms/event_2015-01-26T06-23-01.929000Z.mseed,AXAS2,2015-01-26T06:23:01.929000Z,1.211,0.721,45.939476,-129.985596,1.494,74.70982568057065,0.0,3.3474248581728494,0.9530936242185344,2.550636708493503,17.57391235927031,7.2457307633304415
231,waveforms/event_2015-01-26T06-25-26.149000Z.mseed,AXAS2,2015-01-26T06:25:26.149000Z,1.171,0.711,45.938515,-129.985809,1.438,77.20212116987604,0.0,2.8811173091607234,0.9686482804178912,6.0401424885295185,67.18681877375116,6.659395205346671
232,waveforms/event_2015-01-26T06-26-17.572000Z.mseed,AXAS2,2015-01-26T06:26:17.572000Z,1.178,0.738,45.941906,-129.988907,0.555,65.88169446302082,0.0,3.4728285175369313,0.9481462699811132,8.350865082295455,13.232070592779532,13.982902619774453
234,waveforms/event_2015-01-26T06-32-01.322000Z.mseed,AXAS2,2015-01-26T06:32:01.322000Z,1.138,0.698,45.938515,-129.985825,1.403,77.19475921238802,0.0,2.264834040345916,0.9609153117078555,6.6011740022413425,85.0990642640929,8.05004881816807
235,waveforms/event_2015-01-26T06-32-19.893000Z.mseed,AXAS2,2015-01-26T06:32:19.893000Z,0.527,0.307,45.940895,-130.011734,0.456,13.772550174701507,0.0,4.549015164442949,0.9694042110153255,18.14211767304575,32.67317559810087,12.547666288985418
236,waveforms/event_2015-01-26T06-32-31.389000Z.mseed,AXAS2,2015-01-26T06:32:31.389000Z,1.211,0.721,45.940575,-129.98613,1.252,71.49476407811073,0.0,5.265046874757537,0.987152187564991,3.770092515571546,21.722314730312362,6.717436146225122
237,waveforms/event_2015-01-26T06-34-51.236000Z.mseed,AXAS2,2015-01-26T06:34:51.236000Z,1.214,0.744,45.940369,-129.98558,1.456,72.37155311482316,0.0,5.291122757697265,0.9757115089288754,4.8094989107385455,21.624782052626472,10.314464099478743
238,waveforms/event_2015-01-26T06-36-24.373000Z.mseed,AXAS2,2015-01-26T06:36:24.373000Z,1.217,0.737,45.940269,-129.985809,1.267,72.49468131067835,0.0,2.228281959279638,0.7373531082332214,15.049012208995496,72.92290756890657,12.74281864015645
239,waveforms/event_2015-01-26T06-38-46.744000Z.mseed,AXAS2,2015-01-26T06:38:46.744000Z,1.226,0.756,45.940308,-129.985474,1.458,72.59284587162313,0.0,3.529891934954052,0.962910850407152,2.502969064132902,32.32206802016858,8.483729769100508
240,waveforms/event_2015-01-26T06-38-52.755000Z.mseed,AXAS2,2015-01-26T06:38:52.755000Z,1.215,0.755,45.94035,-129.985489,1.453,72.47516198319761,0.0,3.690997305711384,0.9614245240278689,10.522993198100474,3.208024317941332,8.697119862896491
241,waveforms/event_2015-01-26T06-39-44.091000Z.mseed,AXAS2,2015-01-26T06:39:44.091000Z,1.219,0.719,45.942169,-129.98877,0.542,65.30028207694725,0.0,2.254978422387727,0.850394268229296,5.416030211277847,22.953154852564072,6.562369987449646
242,waveforms/event_2015-01-26T06-40-36.963000Z.mseed,AXAS2,2015-01-26T06:40:36.963000Z,1.197,0.727,45.940331,-129.985458,1.452,72.54275344144449,0.0,5.591370811393063,0.9694185556691384,6.945441331015799,70.40605951353835,8.472331429326218
243,waveforms/event_2015-01-26T06-43-25.031000Z.mseed,AXAS2,2015-01-26T06:43:25.031000Z,1.169,0.719,45.942089,-129.988724,0.541,65.55226269108589,0.0,4.651600854940121,0.8836324112655416,7.4977377682454724,5.552476975636678,6.630462492975119
244,waveforms/event_2015-01-26T06-49-22.817000Z.mseed,AXAS2,2015-01-26T06:49:22.817000Z,1.173,0.713,45.939789,-129.985703,1.5,73.82034908536431,0.0,2.172712974935988,0.9840652483559441,4.200860219421838,1.4850456803010377,6.624733411083605
245,waveforms/event_2015-01-26T06-50-54.530000Z.mseed,AXAS2,2015-01-26T06:50:54.530000Z,1.21,0.73,45.940483,-129.985641,1.383,72.03915288899395,0.0,3.8147322982637215,0.9817568942859722,6.889260486327954,8.515990258314782,7.222052574730594
246,waveforms/event_2015-01-26T06-53-31.167000Z.mseed,AXAS2,2015-01-26T06:53:31.167000Z,1.193,0.733,45.939796,-129.98584,1.442,73.72457265242991,0.0,3.990333357910777,0.9781693834291789,3.796042106272068,3.143718844713612,6.117984229254617
247,waveforms/event_2015-01-26T06-53-43.501000Z.mseed,AXAS2,2015-01-26T06:53:43.501000Z,1.169,0.699,45.939762,-129.985672,1.467,73.90916436947568,0.0,3.163932741169287,0.9861703439660068,3.467096155115654,1.4503448056154749,7.712012867692781
248,waveforms/event_2015-01-26T06-53-55.598000Z.mseed,AXAS2,2015-01-26T06:53:55.598000Z,1.222,0.752,45.937782,-129.984863,1.367,79.59181941195632,0.0,2.0898027485595168,0.9202165182166812,4.991562090516006,1.4886164187549158,8.178256826284086
249,waveforms/event_2015-01-26T06-54-29.521000Z.mseed,AXAS2,2015-01-26T06:54:29.521000Z,1.169,0.709,45.941929,-129.988937,0.551,65.79390659806455,0.0,2.684352142364177,0.9157736953738985,4.624485103721293,34.83269741335771,13.024086072632521
