rate_per_yr,station,phi_pre_obs,phi_p5_obs,dphi_obs,dphi_obs_se,az_2015,az_2026,az_2026_nodike,dphi_model_dike,dphi_model_nodike
0.0,AXAS1,165.91250760564958,168.66253768596172,2.7500300803121434,0.9359396813824995,168.98178646372142,166.90051173630093,168.98178646372142,-2.0812747274204924,0.0
0.0,AXAS2,148.42831890195095,164.9416767266711,16.513357824720146,1.3288011118320762,30.720258889282942,25.64726334691727,30.720258889282935,-5.072995542365675,0.0
0.0,AXCC1,145.39140326144434,172.82886356481913,27.43746030337479,2.9018534175870245,20.432391301625906,33.88608670430667,20.432391301625906,13.453695402680765,0.0
0.0,AXEC1,161.17719602852475,168.57554638985602,7.398350361331268,0.4100843236150528,94.43048724085433,110.80247167257735,94.43048724085433,16.37198443172302,0.0
0.0,AXEC2,95.65605688737047,98.25398232165227,2.5979254342818052,0.41670716415087716,106.95738065083877,119.90651506638719,106.95738065083877,12.949134415548414,0.0
0.0,AXEC3,121.28105887427506,131.2675617045457,9.986502830270638,0.5343461564042117,118.95542000198705,129.23743440218578,118.95542000198705,10.282014400198733,0.0
1e-06,AXAS1,165.91250760564958,168.66253768596172,2.7500300803121434,0.9359396813824995,169.34329507181616,167.75164557328605,169.88283370750227,-1.5916494985301028,0.5395386356861138
1e-06,AXAS2,148.42831890195095,164.9416767266711,16.513357824720146,1.3288011118320762,30.577702405861146,25.49723852159732,30.368020550783722,-5.080463884263821,-0.2096818550774202
1e-06,AXCC1,145.39140326144434,172.82886356481913,27.43746030337479,2.9018534175870245,20.42933672617874,33.62989233071862,20.42477994076941,13.200555604539886,-0.004556785409334907
1e-06,AXEC1,161.17719602852475,168.57554638985602,7.398350361331268,0.4100843236150528,94.241246518734,110.8166878638305,93.9458733880226,16.575441345096493,-0.2953731307113969
1e-06,AXEC2,95.65605688737047,98.25398232165227,2.5979254342818052,0.41670716415087716,106.92400050536445,120.1607590592507,106.87189353766354,13.236758553886247,-0.05210696770090806
1e-06,AXEC3,121.28105887427506,131.2675617045457,9.986502830270638,0.5343461564042117,119.05527379048627,129.77320837419592,119.21108486590472,10.71793458370965,0.1558110754184554
3e-06,AXAS1,165.91250760564958,168.66253768596172,2.7500300803121434,0.9359396813824995,170.05153171103396,169.38318068090516,171.59116657470844,-0.6683510301288038,1.539634863674479
3e-06,AXAS2,148.42831890195095,164.9416767266711,16.513357824720146,1.3288011118320762,30.303185908866894,25.219643566784,29.726166179008686,-5.083542342082893,-0.5770197298582076
3e-06,AXCC1,145.39140326144434,172.82886356481913,27.43746030337479,2.9018534175870245,20.42335523424147,33.14289735901616,20.410333720881436,12.71954212477469,-0.013021513360030212
3e-06,AXEC1,161.17719602852475,168.57554638985602,7.398350361331268,0.4100843236150528,93.85014377669422,110.84668637803486,92.89172935505596,16.996542601340636,-0.9584144216382668
3e-06,AXEC2,95.65605688737047,98.25398232165227,2.5979254342818052,0.41670716415087716,106.85500269903541,120.70858366940485,106.68571807041728,13.853580970369435,-0.16928462861812932
3e-06,AXEC3,121.28105887427506,131.2675617045457,9.986502830270638,0.5343461564042117,119.2615746582401,130.922403186184,119.76705349377494,11.660828527943906,0.505478835534845
1e-05,AXAS1,165.91250760564958,168.66253768596172,2.7500300803121434,0.9359396813824995,172.37550412621428,174.34379354926872,176.6302483686975,1.9682894230544434,4.254744242483213
1e-05,AXAS2,148.42831890195095,164.9416767266711,16.513357824720146,1.3288011118320762,29.441465960470943,24.43417544882321,27.98049722494161,-5.007290511647739,-1.4609687355293346
1e-05,AXCC1,145.39140326144434,172.82886356481913,27.43746030337479,2.9018534175870245,20.403671411902092,31.66817818229985,20.36668642846662,11.264506770397759,-0.03698498343547385
1e-05,AXEC1,161.17719602852475,168.57554638985602,7.398350361331268,0.4100843236150528,92.33524787397377,110.97158886302034,88.05814844967408,18.636340989046573,-4.277099424299692
1e-05,AXEC2,95.65605688737047,98.25398232165227,2.5979254342818052,0.41670716415087716,106.58718264113111,123.15922442623743,105.81523189693917,16.57204178510632,-0.7719507441919404
1e-05,AXEC3,121.28105887427506,131.2675617045457,9.986502830270638,0.5343461564042117,120.06075086834136,135.91236771705405,122.3417993119506,15.851616848712695,2.2810484436092366
3e-05,AXAS1,165.91250760564958,168.66253768596172,2.7500300803121434,0.9359396813824995,177.77610370391346,3.331710236799197,5.207319012986519,5.555606532885747,7.431215309073053
3e-05,AXAS2,148.42831890195095,164.9416767266711,16.513357824720146,1.3288011118320762,27.60511937578312,23.09735528041211,25.249165716124523,-4.507764095371016,-2.3559536596585957
3e-05,AXCC1,145.39140326144434,172.82886356481913,27.43746030337479,2.9018534175870245,20.356334578669244,28.790668814382023,20.281218330834992,8.434334235712782,-0.07511624783424509
3e-05,AXEC1,161.17719602852475,168.57554638985602,7.398350361331268,0.4100843236150528,86.33943756353239,111.67904669276933,59.590569691069085,25.339609129236948,-26.7488678724633
3e-05,AXEC2,95.65605688737047,98.25398232165227,2.5979254342818052,0.41670716415087716,105.49256331818651,141.40138560352824,94.2414831501096,35.90882228534173,-11.25108016807691
3e-05,AXEC3,121.28105887427506,131.2675617045457,9.986502830270638,0.5343461564042117,123.28111447430584,159.48754476208194,145.62965765940515,36.2064302877761,22.348543185099317
0.0001,AXAS1,165.91250760564958,168.66253768596172,2.7500300803121434,0.9359396813824995,7.576073252142459,13.045826055431345,13.909304344467198,5.469752803288884,6.333231092324738
0.0001,AXAS2,148.42831890195095,164.9416767266711,16.513357824720146,1.3288011118320762,24.496706981874983,21.504239581660055,22.372691057139676,-2.9924674002149345,-2.1240159247353034
0.0001,AXCC1,145.39140326144434,172.82886356481913,27.43746030337479,2.9018534175870245,20.25264087825507,24.66314866880008,20.154872314025706,4.410507790545012,-0.0977685642293693
0.0001,AXEC1,161.17719602852475,168.57554638985602,7.398350361331268,0.4100843236150528,45.873450557178515,18.91819635407294,26.265663940174967,-26.955254203105575,-19.60778661700354
0.0001,AXEC2,95.65605688737047,98.25398232165227,2.5979254342818052,0.41670716415087716,44.38470861841155,14.072117603607033,21.739263201679023,-30.312591014804518,-22.645445416732528
0.0001,AXEC3,121.28105887427506,131.2675617045457,9.986502830270638,0.5343461564042117,169.44893259413277,11.945427890574637,15.336436262002877,22.49649529644188,25.887503667870106
