file,scenario,rate_per_yr,years,ext_strain,ext_azimuth_deg,infl_model,infl_scale,uplift_ref_m,dike_opening_m
def_pre_2015_rate0e+00.xyzuvw,pre_2015,0.000e+00,4.05,0.0000e+00,110.0,two_sphere,1.005852e+08,2.400,0.00
def_pre_2015_rate1e-06.xyzuvw,pre_2015,1.000e-06,4.05,4.0500e-06,110.0,two_sphere,1.005852e+08,2.400,0.00
def_pre_2015_rate3e-06.xyzuvw,pre_2015,3.000e-06,4.05,1.2150e-05,110.0,two_sphere,1.005852e+08,2.400,0.00
def_pre_2015_rate1e-05.xyzuvw,pre_2015,1.000e-05,4.05,4.0500e-05,110.0,two_sphere,1.005852e+08,2.400,0.00
def_pre_2015_rate3e-05.xyzuvw,pre_2015,3.000e-05,4.05,1.2150e-04,110.0,two_sphere,1.005852e+08,2.400,0.00
def_pre_2015_rate1e-04.xyzuvw,pre_2015,1.000e-04,4.05,4.0500e-04,110.0,two_sphere,1.005852e+08,2.400,0.00
def_pre_2026_rate0e+00.xyzuvw,pre_2026,0.000e+00,11.05,0.0000e+00,110.0,two_sphere,1.089673e+08,2.600,2.00
def_pre_2026_rate1e-06.xyzuvw,pre_2026,1.000e-06,11.05,1.1050e-05,110.0,two_sphere,1.089673e+08,2.600,2.00
def_pre_2026_rate3e-06.xyzuvw,pre_2026,3.000e-06,11.05,3.3150e-05,110.0,two_sphere,1.089673e+08,2.600,2.00
def_pre_2026_rate1e-05.xyzuvw,pre_2026,1.000e-05,11.05,1.1050e-04,110.0,two_sphere,1.089673e+08,2.600,2.00
def_pre_2026_rate3e-05.xyzuvw,pre_2026,3.000e-05,11.05,3.3150e-04,110.0,two_sphere,1.089673e+08,2.600,2.00
def_pre_2026_rate1e-04.xyzuvw,pre_2026,1.000e-04,11.05,1.1050e-03,110.0,two_sphere,1.089673e+08,2.600,2.00
